Id,ActivityDate,TotalSteps,TotalDistance,TrackerDistance,LoggedActivitiesDistance,VeryActiveDistance,ModeratelyActiveDistance,LightActiveDistance,SedentaryActiveDistance,VeryActiveMinutes,FairlyActiveMinutes,LightlyActiveMinutes,SedentaryMinutes,Calories,Date,TotalSleepRecords,TotalMinutesAsleep,TotalTimeInBed,day_name,weekday,is_weekend,sleep_efficiency,activity_level,total_active_minutes,non_sedentary_minutes,active_percentage,steps_bin
1503960366,4/12/2016,13162,8.5,8.5,0,1.87999999523163,0.550000011920929,6.05999994277954,0,25,13,328,728,1985,2016-04-12,1,327,346,Tuesday,2,FALSE,0.9450867052023122,Highly Active,366,712,0.5140449438202247,"[1.25e+04,1.5e+04)"
1503960366,4/13/2016,10735,6.96999979019165,6.96999979019165,0,1.57000005245209,0.689999997615814,4.71000003814697,0,21,19,217,776,1797,2016-04-13,2,384,407,Wednesday,3,FALSE,0.9434889434889435,Active,257,664,0.3870481927710843,"[1e+04,1.25e+04)"
1503960366,4/14/2016,10460,6.73999977111816,6.73999977111816,0,2.44000005722046,0.400000005960464,3.91000008583069,0,30,11,181,1218,1776,2016-04-14,NA,NA,NA,Thursday,4,FALSE,NA,Active,222,222,1,"[1e+04,1.25e+04)"
1503960366,4/15/2016,9762,6.28000020980835,6.28000020980835,0,2.14000010490417,1.25999999046326,2.82999992370605,0,29,34,209,726,1745,2016-04-15,1,412,442,Friday,5,FALSE,0.9321266968325792,Somewhat Active,272,714,0.38095238095238093,"[7.5e+03,1e+04)"
1503960366,4/16/2016,12669,8.15999984741211,8.15999984741211,0,2.71000003814697,0.409999996423721,5.03999996185303,0,36,10,221,773,1863,2016-04-16,2,340,367,Saturday,6,TRUE,0.9264305177111717,Highly Active,267,667,0.4002998500749625,"[1.25e+04,1.5e+04)"
1503960366,4/17/2016,9705,6.48000001907349,6.48000001907349,0,3.19000005722046,0.779999971389771,2.50999999046326,0,38,20,164,539,1728,2016-04-17,1,700,712,Sunday,7,TRUE,0.9831460674157303,Somewhat Active,222,901,0.24639289678135406,"[7.5e+03,1e+04)"
1503960366,4/18/2016,13019,8.59000015258789,8.59000015258789,0,3.25,0.639999985694885,4.71000003814697,0,42,16,233,1149,1921,2016-04-18,NA,NA,NA,Monday,1,FALSE,NA,Highly Active,291,291,1,"[1.25e+04,1.5e+04)"
1503960366,4/19/2016,15506,9.88000011444092,9.88000011444092,0,3.52999997138977,1.32000005245209,5.03000020980835,0,50,31,264,775,2035,2016-04-19,1,304,320,Tuesday,2,FALSE,0.95,Highly Active,345,665,0.518796992481203,"[1.5e+04,1.75e+04)"
1503960366,4/20/2016,10544,6.67999982833862,6.67999982833862,0,1.96000003814697,0.479999989271164,4.23999977111816,0,28,12,205,818,1786,2016-04-20,1,360,377,Wednesday,3,FALSE,0.9549071618037135,Active,245,622,0.39389067524115756,"[1e+04,1.25e+04)"
1503960366,4/21/2016,9819,6.34000015258789,6.34000015258789,0,1.3400000333786,0.349999994039536,4.65000009536743,0,19,8,211,838,1775,2016-04-21,1,325,364,Thursday,4,FALSE,0.8928571428571429,Somewhat Active,238,602,0.3953488372093023,"[7.5e+03,1e+04)"
1503960366,4/22/2016,12764,8.13000011444092,8.13000011444092,0,4.76000022888184,1.12000000476837,2.24000000953674,0,66,27,130,1217,1827,2016-04-22,NA,NA,NA,Friday,5,FALSE,NA,Highly Active,223,223,1,"[1.25e+04,1.5e+04)"
1503960366,4/23/2016,14371,9.03999996185303,9.03999996185303,0,2.80999994277954,0.870000004768372,5.3600001335144,0,41,21,262,732,1949,2016-04-23,1,361,384,Saturday,6,TRUE,0.9401041666666666,Highly Active,324,708,0.4576271186440678,"[1.25e+04,1.5e+04)"
1503960366,4/24/2016,10039,6.40999984741211,6.40999984741211,0,2.92000007629395,0.209999993443489,3.27999997138977,0,39,5,238,709,1788,2016-04-24,1,430,449,Sunday,7,TRUE,0.9576837416481069,Active,282,731,0.3857729138166895,"[1e+04,1.25e+04)"
1503960366,4/25/2016,15355,9.80000019073486,9.80000019073486,0,5.28999996185303,0.569999992847443,3.94000005722046,0,73,14,216,814,2013,2016-04-25,1,277,323,Monday,1,FALSE,0.8575851393188855,Highly Active,303,626,0.4840255591054313,"[1.5e+04,1.75e+04)"
1503960366,4/26/2016,13755,8.78999996185303,8.78999996185303,0,2.32999992370605,0.920000016689301,5.53999996185303,0,31,23,279,833,1970,2016-04-26,1,245,274,Tuesday,2,FALSE,0.8941605839416058,Highly Active,333,607,0.5485996705107083,"[1.25e+04,1.5e+04)"
1503960366,4/27/2016,18134,12.210000038147,12.210000038147,0,6.40000009536743,0.409999996423721,5.40999984741211,0,78,11,243,1108,2159,2016-04-27,NA,NA,NA,Wednesday,3,FALSE,NA,Highly Active,332,332,1,"[1.75e+04,2e+04)"
1503960366,4/28/2016,13154,8.52999973297119,8.52999973297119,0,3.53999996185303,1.1599999666214,3.78999996185303,0,48,28,189,782,1898,2016-04-28,1,366,393,Thursday,4,FALSE,0.9312977099236641,Highly Active,265,658,0.4027355623100304,"[1.25e+04,1.5e+04)"
1503960366,4/29/2016,11181,7.15000009536743,7.15000009536743,0,1.05999994277954,0.5,5.57999992370605,0,16,12,243,815,1837,2016-04-29,1,341,354,Friday,5,FALSE,0.963276836158192,Active,271,625,0.4336,"[1e+04,1.25e+04)"
1503960366,4/30/2016,14673,9.25,9.25,0,3.55999994277954,1.41999995708466,4.26999998092651,0,52,34,217,712,1947,2016-04-30,1,404,425,Saturday,6,TRUE,0.9505882352941176,Highly Active,303,728,0.41620879120879123,"[1.25e+04,1.5e+04)"
1503960366,5/1/2016,10602,6.80999994277954,6.80999994277954,0,2.28999996185303,1.60000002384186,2.92000007629395,0,33,35,246,730,1820,2016-05-01,1,369,396,Sunday,7,TRUE,0.9318181818181818,Active,314,710,0.4422535211267606,"[1e+04,1.25e+04)"
1503960366,5/2/2016,14727,9.71000003814697,9.71000003814697,0,3.21000003814697,0.569999992847443,5.92000007629395,0,41,15,277,798,2004,2016-05-02,1,277,309,Monday,1,FALSE,0.8964401294498382,Highly Active,333,642,0.5186915887850467,"[1.25e+04,1.5e+04)"
1503960366,5/3/2016,15103,9.65999984741211,9.65999984741211,0,3.73000001907349,1.04999995231628,4.88000011444092,0,50,24,254,816,1990,2016-05-03,1,273,296,Tuesday,2,FALSE,0.9222972972972973,Highly Active,328,624,0.5256410256410257,"[1.5e+04,1.75e+04)"
1503960366,5/4/2016,11100,7.15000009536743,7.15000009536743,0,2.46000003814697,0.870000004768372,3.8199999332428,0,36,22,203,1179,1819,2016-05-04,NA,NA,NA,Wednesday,3,FALSE,NA,Active,261,261,1,"[1e+04,1.25e+04)"
1503960366,5/5/2016,14070,8.89999961853027,8.89999961853027,0,2.92000007629395,1.08000004291534,4.88000011444092,0,45,24,250,857,1959,2016-05-05,1,247,264,Thursday,4,FALSE,0.9356060606060606,Highly Active,319,583,0.5471698113207547,"[1.25e+04,1.5e+04)"
1503960366,5/6/2016,12159,8.02999973297119,8.02999973297119,0,1.97000002861023,0.25,5.80999994277954,0,24,6,289,754,1896,2016-05-06,1,334,367,Friday,5,FALSE,0.9100817438692098,Active,319,686,0.4650145772594752,"[1e+04,1.25e+04)"
1503960366,5/7/2016,11992,7.71000003814697,7.71000003814697,0,2.46000003814697,2.11999988555908,3.13000011444092,0,37,46,175,833,1821,2016-05-07,1,331,349,Saturday,6,TRUE,0.9484240687679083,Active,258,607,0.42504118616144976,"[1e+04,1.25e+04)"
1503960366,5/8/2016,10060,6.57999992370605,6.57999992370605,0,3.52999997138977,0.319999992847443,2.73000001907349,0,44,8,203,574,1740,2016-05-08,1,594,611,Sunday,7,TRUE,0.972176759410802,Active,255,866,0.29445727482678985,"[1e+04,1.25e+04)"
1503960366,5/9/2016,12022,7.71999979019165,7.71999979019165,0,3.45000004768372,0.529999971389771,3.74000000953674,0,46,11,206,835,1819,2016-05-09,1,338,342,Monday,1,FALSE,0.9883040935672515,Active,263,605,0.43471074380165287,"[1e+04,1.25e+04)"
1503960366,5/10/2016,12207,7.76999998092651,7.76999998092651,0,3.34999990463257,1.1599999666214,3.25999999046326,0,46,31,214,746,1859,2016-05-10,1,383,403,Tuesday,2,FALSE,0.9503722084367245,Active,291,694,0.41930835734870314,"[1e+04,1.25e+04)"
1503960366,5/11/2016,12770,8.13000011444092,8.13000011444092,0,2.55999994277954,1.00999999046326,4.55000019073486,0,36,23,251,669,1783,2016-05-11,1,285,306,Wednesday,3,FALSE,0.9313725490196079,Highly Active,310,771,0.40207522697795073,"[1.25e+04,1.5e+04)"
1503960366,5/12/2016,0,0,0,0,0,0,0,0,0,0,0,1440,0,2016-05-12,NA,NA,NA,Thursday,4,FALSE,NA,Sedentary,0,0,0,"[0,2.5e+03)"
1624580081,4/12/2016,8163,5.30999994277954,5.30999994277954,0,0,0,5.30999994277954,0,0,0,146,1294,1432,2016-04-12,NA,NA,NA,Tuesday,2,FALSE,NA,Somewhat Active,146,146,1,"[7.5e+03,1e+04)"
1624580081,4/13/2016,7007,4.55000019073486,4.55000019073486,0,0,0,4.55000019073486,0,0,0,148,1292,1411,2016-04-13,NA,NA,NA,Wednesday,3,FALSE,NA,Low Active,148,148,1,"[5e+03,7.5e+03)"
1624580081,4/14/2016,9107,5.92000007629395,5.92000007629395,0,0,0,5.90999984741211,0.00999999977648258,0,0,236,1204,1572,2016-04-14,NA,NA,NA,Thursday,4,FALSE,NA,Somewhat Active,236,236,1,"[7.5e+03,1e+04)"
1624580081,4/15/2016,1510,0.980000019073486,0.980000019073486,0,0,0,0.970000028610229,0,0,0,96,1344,1344,2016-04-15,NA,NA,NA,Friday,5,FALSE,NA,Sedentary,96,96,1,"[0,2.5e+03)"
1624580081,4/16/2016,5370,3.49000000953674,3.49000000953674,0,0,0,3.49000000953674,0,0,0,176,1264,1463,2016-04-16,NA,NA,NA,Saturday,6,TRUE,NA,Low Active,176,176,1,"[5e+03,7.5e+03)"
1624580081,4/17/2016,6175,4.05999994277954,4.05999994277954,0,1.02999997138977,1.51999998092651,1.49000000953674,0.00999999977648258,15,22,127,1276,1554,2016-04-17,NA,NA,NA,Sunday,7,TRUE,NA,Low Active,164,164,1,"[5e+03,7.5e+03)"
1624580081,4/18/2016,10536,7.40999984741211,7.40999984741211,0,2.15000009536743,0.620000004768372,4.61999988555908,0.00999999977648258,17,7,202,1214,1604,2016-04-18,NA,NA,NA,Monday,1,FALSE,NA,Active,226,226,1,"[1e+04,1.25e+04)"
1624580081,4/19/2016,2916,1.89999997615814,1.89999997615814,0,0,0,1.89999997615814,0,0,0,141,1299,1435,2016-04-19,NA,NA,NA,Tuesday,2,FALSE,NA,Sedentary,141,141,1,"[2.5e+03,5e+03)"
1624580081,4/20/2016,4974,3.23000001907349,3.23000001907349,0,0,0,3.23000001907349,0,0,0,151,1289,1446,2016-04-20,NA,NA,NA,Wednesday,3,FALSE,NA,Sedentary,151,151,1,"[2.5e+03,5e+03)"
1624580081,4/21/2016,6349,4.13000011444092,4.13000011444092,0,0,0,4.1100001335144,0.0199999995529652,0,0,186,1254,1467,2016-04-21,NA,NA,NA,Thursday,4,FALSE,NA,Low Active,186,186,1,"[5e+03,7.5e+03)"
1624580081,4/22/2016,4026,2.61999988555908,2.61999988555908,0,0,0,2.59999990463257,0,0,0,199,1241,1470,2016-04-22,NA,NA,NA,Friday,5,FALSE,NA,Sedentary,199,199,1,"[2.5e+03,5e+03)"
1624580081,4/23/2016,8538,5.55000019073486,5.55000019073486,0,0,0,5.53999996185303,0.00999999977648258,0,0,227,1213,1562,2016-04-23,NA,NA,NA,Saturday,6,TRUE,NA,Somewhat Active,227,227,1,"[7.5e+03,1e+04)"
1624580081,4/24/2016,6076,3.95000004768372,3.95000004768372,0,1.14999997615814,0.910000026226044,1.88999998569489,0,16,18,185,1221,1617,2016-04-24,NA,NA,NA,Sunday,7,TRUE,NA,Low Active,219,219,1,"[5e+03,7.5e+03)"
1624580081,4/25/2016,6497,4.21999979019165,4.21999979019165,0,0,0,4.19999980926514,0.0199999995529652,0,0,202,1238,1492,2016-04-25,NA,NA,NA,Monday,1,FALSE,NA,Low Active,202,202,1,"[5e+03,7.5e+03)"
1624580081,4/26/2016,2826,1.8400000333786,1.8400000333786,0,0,0,1.83000004291534,0.00999999977648258,0,0,140,1300,1402,2016-04-26,NA,NA,NA,Tuesday,2,FALSE,NA,Sedentary,140,140,1,"[2.5e+03,5e+03)"
1624580081,4/27/2016,8367,5.44000005722046,5.44000005722046,0,1.11000001430511,1.87000000476837,2.46000003814697,0,17,36,154,1233,1670,2016-04-27,NA,NA,NA,Wednesday,3,FALSE,NA,Somewhat Active,207,207,1,"[7.5e+03,1e+04)"
1624580081,4/28/2016,2759,1.78999996185303,1.78999996185303,0,0,0.200000002980232,1.60000002384186,0,0,5,115,1320,1401,2016-04-28,NA,NA,NA,Thursday,4,FALSE,NA,Sedentary,120,120,1,"[2.5e+03,5e+03)"
1624580081,4/29/2016,2390,1.54999995231628,1.54999995231628,0,0,0,1.54999995231628,0,0,0,150,1290,1404,2016-04-29,NA,NA,NA,Friday,5,FALSE,NA,Sedentary,150,150,1,"[0,2.5e+03)"
1624580081,4/30/2016,6474,4.30000019073486,4.30000019073486,0,0.899999976158142,1.27999997138977,2.11999988555908,0.00999999977648258,11,23,224,1182,1655,2016-04-30,NA,NA,NA,Saturday,6,TRUE,NA,Low Active,258,258,1,"[5e+03,7.5e+03)"
1624580081,5/1/2016,36019,28.0300006866455,28.0300006866455,0,21.9200000762939,4.19000005722046,1.9099999666214,0.0199999995529652,186,63,171,1020,2690,2016-05-01,NA,NA,NA,Sunday,7,TRUE,NA,Highly Active,420,420,1,"[3.5e+04,3.75e+04]"
1624580081,5/2/2016,7155,4.92999982833862,4.92999982833862,0,0.860000014305115,0.589999973773956,3.47000002861023,0,7,6,166,1261,1497,2016-05-02,NA,NA,NA,Monday,1,FALSE,NA,Low Active,179,179,1,"[5e+03,7.5e+03)"
1624580081,5/3/2016,2100,1.37000000476837,1.37000000476837,0,0,0,1.3400000333786,0.0199999995529652,0,0,96,1344,1334,2016-05-03,NA,NA,NA,Tuesday,2,FALSE,NA,Sedentary,96,96,1,"[0,2.5e+03)"
1624580081,5/4/2016,2193,1.42999994754791,1.42999994754791,0,0,0,1.41999995708466,0,0,0,118,1322,1368,2016-05-04,NA,NA,NA,Wednesday,3,FALSE,NA,Sedentary,118,118,1,"[0,2.5e+03)"
1624580081,5/5/2016,2470,1.61000001430511,1.61000001430511,0,0,0,1.58000004291534,0.0199999995529652,0,0,117,1323,1370,2016-05-05,NA,NA,NA,Thursday,4,FALSE,NA,Sedentary,117,117,1,"[0,2.5e+03)"
1624580081,5/6/2016,1727,1.12000000476837,1.12000000476837,0,0,0,1.12000000476837,0.00999999977648258,0,0,102,1338,1341,2016-05-06,NA,NA,NA,Friday,5,FALSE,NA,Sedentary,102,102,1,"[0,2.5e+03)"
1624580081,5/7/2016,2104,1.37000000476837,1.37000000476837,0,0,0,1.37000000476837,0,0,0,182,1258,1474,2016-05-07,NA,NA,NA,Saturday,6,TRUE,NA,Sedentary,182,182,1,"[0,2.5e+03)"
1624580081,5/8/2016,3427,2.23000001907349,2.23000001907349,0,0,0,2.22000002861023,0,0,0,152,1288,1427,2016-05-08,NA,NA,NA,Sunday,7,TRUE,NA,Sedentary,152,152,1,"[2.5e+03,5e+03)"
1624580081,5/9/2016,1732,1.12999999523163,1.12999999523163,0,0,0,1.12999999523163,0,0,0,91,1349,1328,2016-05-09,NA,NA,NA,Monday,1,FALSE,NA,Sedentary,91,91,1,"[0,2.5e+03)"
1624580081,5/10/2016,2969,1.92999994754791,1.92999994754791,0,0,0,1.91999995708466,0.00999999977648258,0,0,139,1301,1393,2016-05-10,NA,NA,NA,Tuesday,2,FALSE,NA,Sedentary,139,139,1,"[2.5e+03,5e+03)"
1624580081,5/11/2016,3134,2.03999996185303,2.03999996185303,0,0,0,2.03999996185303,0,0,0,112,1328,1359,2016-05-11,NA,NA,NA,Wednesday,3,FALSE,NA,Sedentary,112,112,1,"[2.5e+03,5e+03)"
1624580081,5/12/2016,2971,1.92999994754791,1.92999994754791,0,0,0,1.91999995708466,0.00999999977648258,0,0,107,890,1002,2016-05-12,NA,NA,NA,Thursday,4,FALSE,NA,Sedentary,107,550,0.19454545454545455,"[2.5e+03,5e+03)"
1644430081,4/12/2016,10694,7.76999998092651,7.76999998092651,0,0.140000000596046,2.29999995231628,5.32999992370605,0,2,51,256,1131,3199,2016-04-12,NA,NA,NA,Tuesday,2,FALSE,NA,Active,309,309,1,"[1e+04,1.25e+04)"
1644430081,4/13/2016,8001,5.82000017166138,5.82000017166138,0,2.27999997138977,0.899999976158142,2.64000010490417,0,30,16,135,1259,2902,2016-04-13,NA,NA,NA,Wednesday,3,FALSE,NA,Somewhat Active,181,181,1,"[7.5e+03,1e+04)"
1644430081,4/14/2016,11037,8.02000045776367,8.02000045776367,0,0.360000014305115,2.55999994277954,5.09999990463257,0,5,58,252,1125,3226,2016-04-14,NA,NA,NA,Thursday,4,FALSE,NA,Active,315,315,1,"[1e+04,1.25e+04)"
1644430081,4/15/2016,5263,3.82999992370605,3.82999992370605,0,0.219999998807907,0.150000005960464,3.45000004768372,0,3,4,170,1263,2750,2016-04-15,NA,NA,NA,Friday,5,FALSE,NA,Low Active,177,177,1,"[5e+03,7.5e+03)"
1644430081,4/16/2016,15300,11.1199998855591,11.1199998855591,0,4.09999990463257,1.87999999523163,5.09000015258789,0,51,42,212,1135,3493,2016-04-16,NA,NA,NA,Saturday,6,TRUE,NA,Highly Active,305,305,1,"[1.5e+04,1.75e+04)"
1644430081,4/17/2016,8757,6.36999988555908,6.36999988555908,0,2.25,0.569999992847443,3.54999995231628,0,29,13,186,1212,3011,2016-04-17,NA,NA,NA,Sunday,7,TRUE,NA,Somewhat Active,228,228,1,"[7.5e+03,1e+04)"
1644430081,4/18/2016,7132,5.19000005722046,5.19000005722046,0,1.07000005245209,1.66999995708466,2.45000004768372,0,15,33,121,1271,2806,2016-04-18,NA,NA,NA,Monday,1,FALSE,NA,Low Active,169,169,1,"[5e+03,7.5e+03)"
1644430081,4/19/2016,11256,8.18000030517578,8.18000030517578,0,0.360000014305115,2.52999997138977,5.30000019073486,0,5,58,278,1099,3300,2016-04-19,NA,NA,NA,Tuesday,2,FALSE,NA,Active,341,341,1,"[1e+04,1.25e+04)"
1644430081,4/20/2016,2436,1.76999998092651,1.76999998092651,0,0,0,1.75999999046326,0.00999999977648258,0,0,125,1315,2430,2016-04-20,NA,NA,NA,Wednesday,3,FALSE,NA,Sedentary,125,125,1,"[0,2.5e+03)"
1644430081,4/21/2016,1223,0.889999985694885,0.889999985694885,0,0,0,0.879999995231628,0.00999999977648258,0,0,38,1402,2140,2016-04-21,NA,NA,NA,Thursday,4,FALSE,NA,Sedentary,38,38,1,"[0,2.5e+03)"
1644430081,4/22/2016,3673,2.67000007629395,2.67000007629395,0,0,0,2.66000008583069,0.00999999977648258,0,0,86,1354,2344,2016-04-22,NA,NA,NA,Friday,5,FALSE,NA,Sedentary,86,86,1,"[2.5e+03,5e+03)"
1644430081,4/23/2016,6637,4.82999992370605,4.82999992370605,0,0,0.579999983310699,4.25,0,0,15,160,1265,2677,2016-04-23,NA,NA,NA,Saturday,6,TRUE,NA,Low Active,175,175,1,"[5e+03,7.5e+03)"
1644430081,4/24/2016,3321,2.41000008583069,2.41000008583069,0,0,0,2.41000008583069,0,0,0,89,1351,2413,2016-04-24,NA,NA,NA,Sunday,7,TRUE,NA,Sedentary,89,89,1,"[2.5e+03,5e+03)"
1644430081,4/25/2016,3580,2.59999990463257,2.59999990463257,0,0.589999973773956,0.0599999986588955,1.95000004768372,0,8,1,94,1337,2497,2016-04-25,NA,NA,NA,Monday,1,FALSE,NA,Sedentary,103,103,1,"[2.5e+03,5e+03)"
1644430081,4/26/2016,9919,7.21000003814697,7.21000003814697,0,0.800000011920929,1.72000002861023,4.69000005722046,0,11,41,223,1165,3123,2016-04-26,NA,NA,NA,Tuesday,2,FALSE,NA,Somewhat Active,275,275,1,"[7.5e+03,1e+04)"
1644430081,4/27/2016,3032,2.20000004768372,2.20000004768372,0,0,0,2.20000004768372,0,0,0,118,1322,2489,2016-04-27,NA,NA,NA,Wednesday,3,FALSE,NA,Sedentary,118,118,1,"[2.5e+03,5e+03)"
1644430081,4/28/2016,9405,6.84000015258789,6.84000015258789,0,0.200000002980232,2.3199999332428,4.30999994277954,0,3,53,227,1157,3108,2016-04-28,NA,NA,NA,Thursday,4,FALSE,NA,Somewhat Active,283,283,1,"[7.5e+03,1e+04)"
1644430081,4/29/2016,3176,2.30999994277954,2.30999994277954,0,0,0,2.30999994277954,0,0,0,120,1193,2498,2016-04-29,1,119,127,Friday,5,FALSE,0.937007874015748,Sedentary,120,247,0.48582995951417,"[2.5e+03,5e+03)"
1644430081,4/30/2016,18213,13.2399997711182,13.2399997711182,0,0.629999995231628,3.14000010490417,9.46000003814697,0,9,71,402,816,3846,2016-04-30,1,124,142,Saturday,6,TRUE,0.8732394366197183,Highly Active,482,624,0.7724358974358975,"[1.75e+04,2e+04)"
1644430081,5/1/2016,6132,4.46000003814697,4.46000003814697,0,0.239999994635582,0.990000009536743,3.23000001907349,0,3,24,146,908,2696,2016-05-01,NA,NA,NA,Sunday,7,TRUE,NA,Low Active,173,532,0.325187969924812,"[5e+03,7.5e+03)"
1644430081,5/2/2016,3758,2.73000001907349,2.73000001907349,0,0.0700000002980232,0.310000002384186,2.34999990463257,0,1,7,148,682,2580,2016-05-02,1,796,961,Monday,1,FALSE,0.8283038501560874,Sedentary,156,758,0.20580474934036938,"[2.5e+03,5e+03)"
1644430081,5/3/2016,12850,9.34000015258789,9.34000015258789,0,0.720000028610229,4.09000015258789,4.53999996185303,0,10,94,221,1115,3324,2016-05-03,NA,NA,NA,Tuesday,2,FALSE,NA,Highly Active,325,325,1,"[1.25e+04,1.5e+04)"
1644430081,5/4/2016,2309,1.67999994754791,1.67999994754791,0,0,0,1.6599999666214,0.0199999995529652,0,0,52,1388,2222,2016-05-04,NA,NA,NA,Wednesday,3,FALSE,NA,Sedentary,52,52,1,"[0,2.5e+03)"
1644430081,5/5/2016,4363,3.19000005722046,3.19000005722046,0,0.519999980926514,0.540000021457672,2.13000011444092,0.00999999977648258,6,12,81,1341,2463,2016-05-05,NA,NA,NA,Thursday,4,FALSE,NA,Sedentary,99,99,1,"[2.5e+03,5e+03)"
1644430081,5/6/2016,9787,7.11999988555908,7.11999988555908,0,0.819999992847443,0.270000010728836,6.01000022888184,0.0199999995529652,11,6,369,1054,3328,2016-05-06,NA,NA,NA,Friday,5,FALSE,NA,Somewhat Active,386,386,1,"[7.5e+03,1e+04)"
1644430081,5/7/2016,13372,9.72000026702881,9.72000026702881,0,3.25999999046326,0.790000021457672,5.67000007629395,0.00999999977648258,41,17,243,1139,3404,2016-05-07,NA,NA,NA,Saturday,6,TRUE,NA,Highly Active,301,301,1,"[1.25e+04,1.5e+04)"
1644430081,5/8/2016,6724,4.8899998664856,4.8899998664856,0,0,0,4.88000011444092,0,0,0,295,991,2987,2016-05-08,1,137,154,Sunday,7,TRUE,0.8896103896103896,Low Active,295,449,0.6570155902004454,"[5e+03,7.5e+03)"
1644430081,5/9/2016,6643,4.82999992370605,4.82999992370605,0,2.39000010490417,0.349999994039536,2.08999991416931,0.00999999977648258,32,6,303,1099,3008,2016-05-09,NA,NA,NA,Monday,1,FALSE,NA,Low Active,341,341,1,"[5e+03,7.5e+03)"
1644430081,5/10/2016,9167,6.65999984741211,6.65999984741211,0,0.879999995231628,0.810000002384186,4.96999979019165,0.00999999977648258,12,19,155,1254,2799,2016-05-10,NA,NA,NA,Tuesday,2,FALSE,NA,Somewhat Active,186,186,1,"[7.5e+03,1e+04)"
1644430081,5/11/2016,1329,0.970000028610229,0.970000028610229,0,0,0,0.949999988079071,0.00999999977648258,0,0,49,713,1276,2016-05-11,NA,NA,NA,Wednesday,3,FALSE,NA,Sedentary,49,727,0.06740027510316368,"[0,2.5e+03)"
1844505072,4/12/2016,6697,4.42999982833862,4.42999982833862,0,0,0,4.42999982833862,0,0,0,339,1101,2030,2016-04-12,NA,NA,NA,Tuesday,2,FALSE,NA,Low Active,339,339,1,"[5e+03,7.5e+03)"
1844505072,4/13/2016,4929,3.25999999046326,3.25999999046326,0,0,0,3.25999999046326,0,0,0,248,1192,1860,2016-04-13,NA,NA,NA,Wednesday,3,FALSE,NA,Sedentary,248,248,1,"[2.5e+03,5e+03)"
1844505072,4/14/2016,7937,5.25,5.25,0,0,0,5.23000001907349,0,0,0,373,843,2130,2016-04-14,NA,NA,NA,Thursday,4,FALSE,NA,Somewhat Active,373,597,0.6247906197654941,"[7.5e+03,1e+04)"
1844505072,4/15/2016,3844,2.53999996185303,2.53999996185303,0,0,0,2.53999996185303,0,0,0,176,527,1725,2016-04-15,1,644,961,Friday,5,FALSE,0.6701352757544224,Sedentary,176,913,0.1927710843373494,"[2.5e+03,5e+03)"
1844505072,4/16/2016,3414,2.25999999046326,2.25999999046326,0,0,0,2.25999999046326,0,0,0,147,1293,1657,2016-04-16,NA,NA,NA,Saturday,6,TRUE,NA,Sedentary,147,147,1,"[2.5e+03,5e+03)"
1844505072,4/17/2016,4525,2.99000000953674,2.99000000953674,0,0.140000000596046,0.259999990463257,2.58999991416931,0,2,8,199,1231,1793,2016-04-17,NA,NA,NA,Sunday,7,TRUE,NA,Sedentary,209,209,1,"[2.5e+03,5e+03)"
1844505072,4/18/2016,4597,3.03999996185303,3.03999996185303,0,0,0.479999989271164,2.55999994277954,0,0,12,217,1211,1814,2016-04-18,NA,NA,NA,Monday,1,FALSE,NA,Sedentary,229,229,1,"[2.5e+03,5e+03)"
1844505072,4/19/2016,197,0.129999995231628,0.129999995231628,0,0,0,0.129999995231628,0,0,0,10,1430,1366,2016-04-19,NA,NA,NA,Tuesday,2,FALSE,NA,Sedentary,10,10,1,"[0,2.5e+03)"
1844505072,4/20/2016,8,0.00999999977648258,0.00999999977648258,0,0,0,0.00999999977648258,0,0,0,1,1439,1349,2016-04-20,NA,NA,NA,Wednesday,3,FALSE,NA,Sedentary,1,1,1,"[0,2.5e+03)"
1844505072,4/21/2016,8054,5.32000017166138,5.32000017166138,0,0.119999997317791,0.519999980926514,4.67999982833862,0,2,13,308,1117,2062,2016-04-21,NA,NA,NA,Thursday,4,FALSE,NA,Somewhat Active,323,323,1,"[7.5e+03,1e+04)"
1844505072,4/22/2016,5372,3.54999995231628,3.54999995231628,0,0,0,3.54999995231628,0,0,0,220,1220,1827,2016-04-22,NA,NA,NA,Friday,5,FALSE,NA,Low Active,220,220,1,"[5e+03,7.5e+03)"
1844505072,4/23/2016,3570,2.35999989509583,2.35999989509583,0,0,0,2.35999989509583,0,0,0,139,1301,1645,2016-04-23,NA,NA,NA,Saturday,6,TRUE,NA,Sedentary,139,139,1,"[2.5e+03,5e+03)"
1844505072,4/24/2016,0,0,0,0,0,0,0,0,0,0,0,1440,1347,2016-04-24,NA,NA,NA,Sunday,7,TRUE,NA,Sedentary,0,0,0,"[0,2.5e+03)"
1844505072,4/25/2016,0,0,0,0,0,0,0,0,0,0,0,1440,1347,2016-04-25,NA,NA,NA,Monday,1,FALSE,NA,Sedentary,0,0,0,"[0,2.5e+03)"
1844505072,4/26/2016,0,0,0,0,0,0,0,0,0,0,0,1440,1347,2016-04-26,NA,NA,NA,Tuesday,2,FALSE,NA,Sedentary,0,0,0,"[0,2.5e+03)"
1844505072,4/27/2016,4,0,0,0,0,0,0,0,0,0,1,1439,1348,2016-04-27,NA,NA,NA,Wednesday,3,FALSE,NA,Sedentary,1,1,1,"[0,2.5e+03)"
1844505072,4/28/2016,6907,4.57000017166138,4.57000017166138,0,0,0,4.55999994277954,0,0,0,302,1138,1992,2016-04-28,NA,NA,NA,Thursday,4,FALSE,NA,Low Active,302,302,1,"[5e+03,7.5e+03)"
1844505072,4/29/2016,4920,3.25,3.25,0,0,0,3.25,0,0,0,247,1082,1856,2016-04-29,NA,NA,NA,Friday,5,FALSE,NA,Sedentary,247,358,0.6899441340782123,"[2.5e+03,5e+03)"
1844505072,4/30/2016,4014,2.67000007629395,2.67000007629395,0,0,0,2.65000009536743,0,0,0,184,218,1763,2016-04-30,1,722,961,Saturday,6,TRUE,0.7513007284079084,Sedentary,184,1222,0.15057283142389524,"[2.5e+03,5e+03)"
1844505072,5/1/2016,2573,1.70000004768372,1.70000004768372,0,0,0.259999990463257,1.45000004768372,0,0,7,75,585,1541,2016-05-01,1,590,961,Sunday,7,TRUE,0.6139438085327783,Sedentary,82,855,0.09590643274853801,"[2.5e+03,5e+03)"
1844505072,5/2/2016,0,0,0,0,0,0,0,0,0,0,0,1440,1348,2016-05-02,NA,NA,NA,Monday,1,FALSE,NA,Sedentary,0,0,0,"[0,2.5e+03)"
1844505072,5/3/2016,4059,2.6800000667572,2.6800000667572,0,0,0,2.6800000667572,0,0,0,184,1256,1742,2016-05-03,NA,NA,NA,Tuesday,2,FALSE,NA,Sedentary,184,184,1,"[2.5e+03,5e+03)"
1844505072,5/4/2016,2080,1.37000000476837,1.37000000476837,0,0,0,1.37000000476837,0,0,0,87,1353,1549,2016-05-04,NA,NA,NA,Wednesday,3,FALSE,NA,Sedentary,87,87,1,"[0,2.5e+03)"
1844505072,5/5/2016,2237,1.48000001907349,1.48000001907349,0,0,0,1.48000001907349,0,0,0,120,1320,1589,2016-05-05,NA,NA,NA,Thursday,4,FALSE,NA,Sedentary,120,120,1,"[0,2.5e+03)"
1844505072,5/6/2016,44,0.0299999993294477,0.0299999993294477,0,0,0,0.0299999993294477,0,0,0,2,1438,1351,2016-05-06,NA,NA,NA,Friday,5,FALSE,NA,Sedentary,2,2,1,"[0,2.5e+03)"
1844505072,5/7/2016,0,0,0,0,0,0,0,0,0,0,0,1440,1347,2016-05-07,NA,NA,NA,Saturday,6,TRUE,NA,Sedentary,0,0,0,"[0,2.5e+03)"
1844505072,5/8/2016,0,0,0,0,0,0,0,0,0,0,0,1440,1347,2016-05-08,NA,NA,NA,Sunday,7,TRUE,NA,Sedentary,0,0,0,"[0,2.5e+03)"
1844505072,5/9/2016,0,0,0,0,0,0,0,0,0,0,0,1440,1347,2016-05-09,NA,NA,NA,Monday,1,FALSE,NA,Sedentary,0,0,0,"[0,2.5e+03)"
1844505072,5/10/2016,0,0,0,0,0,0,0,0,0,0,0,1440,1347,2016-05-10,NA,NA,NA,Tuesday,2,FALSE,NA,Sedentary,0,0,0,"[0,2.5e+03)"
1844505072,5/11/2016,0,0,0,0,0,0,0,0,0,0,0,1440,1347,2016-05-11,NA,NA,NA,Wednesday,3,FALSE,NA,Sedentary,0,0,0,"[0,2.5e+03)"
1844505072,5/12/2016,0,0,0,0,0,0,0,0,0,0,0,711,665,2016-05-12,NA,NA,NA,Thursday,4,FALSE,NA,Sedentary,0,729,0,"[0,2.5e+03)"
1927972279,4/12/2016,678,0.469999998807907,0.469999998807907,0,0,0,0.469999998807907,0,0,0,55,734,2220,2016-04-12,3,750,775,Tuesday,2,FALSE,0.967741935483871,Sedentary,55,706,0.07790368271954674,"[0,2.5e+03)"
1927972279,4/13/2016,356,0.25,0.25,0,0,0,0.25,0,0,0,32,986,2151,2016-04-13,1,398,422,Wednesday,3,FALSE,0.943127962085308,Sedentary,32,454,0.07048458149779736,"[0,2.5e+03)"
1927972279,4/14/2016,2163,1.5,1.5,0,0,0.400000005960464,1.10000002384186,0,0,9,88,1292,2383,2016-04-14,NA,NA,NA,Thursday,4,FALSE,NA,Sedentary,97,148,0.6554054054054054,"[0,2.5e+03)"
1927972279,4/15/2016,980,0.680000007152557,0.680000007152557,0,0,0,0.680000007152557,0,0,0,51,941,2221,2016-04-15,2,475,499,Friday,5,FALSE,0.9519038076152304,Sedentary,51,499,0.10220440881763528,"[0,2.5e+03)"
1927972279,4/16/2016,0,0,0,0,0,0,0,0,0,0,0,1440,2064,2016-04-16,NA,NA,NA,Saturday,6,TRUE,NA,Sedentary,0,0,0,"[0,2.5e+03)"
1927972279,4/17/2016,0,0,0,0,0,0,0,0,0,0,0,1440,2063,2016-04-17,NA,NA,NA,Sunday,7,TRUE,NA,Sedentary,0,0,0,"[0,2.5e+03)"
1927972279,4/18/2016,244,0.170000001788139,0.170000001788139,0,0,0,0.170000001788139,0,0,0,17,1423,2111,2016-04-18,NA,NA,NA,Monday,1,FALSE,NA,Sedentary,17,17,1,"[0,2.5e+03)"
1927972279,4/19/2016,0,0,0,0,0,0,0,0,0,0,0,1440,2063,2016-04-19,NA,NA,NA,Tuesday,2,FALSE,NA,Sedentary,0,0,0,"[0,2.5e+03)"
1927972279,4/20/2016,0,0,0,0,0,0,0,0,0,0,0,1440,2063,2016-04-20,NA,NA,NA,Wednesday,3,FALSE,NA,Sedentary,0,0,0,"[0,2.5e+03)"
1927972279,4/21/2016,0,0,0,0,0,0,0,0,0,0,0,1440,2064,2016-04-21,NA,NA,NA,Thursday,4,FALSE,NA,Sedentary,0,0,0,"[0,2.5e+03)"
1927972279,4/22/2016,149,0.100000001490116,0.100000001490116,0,0,0,0.100000001490116,0,0,0,10,1430,2093,2016-04-22,NA,NA,NA,Friday,5,FALSE,NA,Sedentary,10,10,1,"[0,2.5e+03)"
1927972279,4/23/2016,2945,2.03999996185303,2.03999996185303,0,0,0,2.03999996185303,0,0,0,145,1295,2499,2016-04-23,NA,NA,NA,Saturday,6,TRUE,NA,Sedentary,145,145,1,"[2.5e+03,5e+03)"
1927972279,4/24/2016,2090,1.45000004768372,1.45000004768372,0,0.0700000002980232,0.239999994635582,1.13999998569489,0,1,6,75,1358,2324,2016-04-24,NA,NA,NA,Sunday,7,TRUE,NA,Sedentary,82,82,1,"[0,2.5e+03)"
1927972279,4/25/2016,152,0.109999999403954,0.109999999403954,0,0,0,0.109999999403954,0,0,0,12,1303,2100,2016-04-25,NA,NA,NA,Monday,1,FALSE,NA,Sedentary,12,137,0.08759124087591241,"[0,2.5e+03)"
1927972279,4/26/2016,3761,2.59999990463257,2.59999990463257,0,0,0,2.59999990463257,0,0,0,192,1058,2638,2016-04-26,1,296,315,Tuesday,2,FALSE,0.9396825396825397,Sedentary,192,382,0.5026178010471204,"[2.5e+03,5e+03)"
1927972279,4/27/2016,0,0,0,0,0,0,0,0,0,0,0,1440,2063,2016-04-27,NA,NA,NA,Wednesday,3,FALSE,NA,Sedentary,0,0,0,"[0,2.5e+03)"
1927972279,4/28/2016,1675,1.1599999666214,1.1599999666214,0,0,0,1.1599999666214,0,0,0,95,1167,2351,2016-04-28,1,166,178,Thursday,4,FALSE,0.9325842696629213,Sedentary,95,273,0.34798534798534797,"[0,2.5e+03)"
1927972279,4/29/2016,0,0,0,0,0,0,0,0,0,0,0,1440,2063,2016-04-29,NA,NA,NA,Friday,5,FALSE,NA,Sedentary,0,0,0,"[0,2.5e+03)"
1927972279,4/30/2016,0,0,0,0,0,0,0,0,0,0,0,1440,2064,2016-04-30,NA,NA,NA,Saturday,6,TRUE,NA,Sedentary,0,0,0,"[0,2.5e+03)"
1927972279,5/1/2016,2704,1.87000000476837,1.87000000476837,0,1.00999999046326,0.0299999993294477,0.829999983310699,0,14,1,70,1355,2411,2016-05-01,NA,NA,NA,Sunday,7,TRUE,NA,Sedentary,85,85,1,"[2.5e+03,5e+03)"
1927972279,5/2/2016,3790,2.61999988555908,2.61999988555908,0,1.1599999666214,0.300000011920929,1.1599999666214,0,16,8,94,1322,2505,2016-05-02,NA,NA,NA,Monday,1,FALSE,NA,Sedentary,118,118,1,"[2.5e+03,5e+03)"
1927972279,5/3/2016,1326,0.920000016689301,0.920000016689301,0,0.730000019073486,0,0.180000007152557,0,10,0,17,1413,2195,2016-05-03,NA,NA,NA,Tuesday,2,FALSE,NA,Sedentary,27,27,1,"[0,2.5e+03)"
1927972279,5/4/2016,1786,1.24000000953674,1.24000000953674,0,0,0,1.24000000953674,0,0,0,87,1353,2338,2016-05-04,NA,NA,NA,Wednesday,3,FALSE,NA,Sedentary,87,87,1,"[0,2.5e+03)"
1927972279,5/5/2016,0,0,0,0,0,0,0,0,0,0,0,1440,2063,2016-05-05,NA,NA,NA,Thursday,4,FALSE,NA,Sedentary,0,0,0,"[0,2.5e+03)"
1927972279,5/6/2016,2091,1.45000004768372,1.45000004768372,0,0,0,1.45000004768372,0,0,0,108,1332,2383,2016-05-06,NA,NA,NA,Friday,5,FALSE,NA,Sedentary,108,108,1,"[0,2.5e+03)"
1927972279,5/7/2016,1510,1.03999996185303,1.03999996185303,0,0,0,1.03999996185303,0,0,0,48,1392,2229,2016-05-07,NA,NA,NA,Saturday,6,TRUE,NA,Sedentary,48,48,1,"[0,2.5e+03)"
1927972279,5/8/2016,0,0,0,0,0,0,0,0,0,0,0,1440,2063,2016-05-08,NA,NA,NA,Sunday,7,TRUE,NA,Sedentary,0,0,0,"[0,2.5e+03)"
1927972279,5/9/2016,0,0,0,0,0,0,0,0,0,0,0,1440,2063,2016-05-09,NA,NA,NA,Monday,1,FALSE,NA,Sedentary,0,0,0,"[0,2.5e+03)"
1927972279,5/10/2016,0,0,0,0,0,0,0,0,0,0,0,1440,2063,2016-05-10,NA,NA,NA,Tuesday,2,FALSE,NA,Sedentary,0,0,0,"[0,2.5e+03)"
1927972279,5/11/2016,0,0,0,0,0,0,0,0,0,0,0,1440,2063,2016-05-11,NA,NA,NA,Wednesday,3,FALSE,NA,Sedentary,0,0,0,"[0,2.5e+03)"
1927972279,5/12/2016,0,0,0,0,0,0,0,0,0,0,0,966,1383,2016-05-12,NA,NA,NA,Thursday,4,FALSE,NA,Sedentary,0,474,0,"[0,2.5e+03)"
2022484408,4/12/2016,11875,8.34000015258789,8.34000015258789,0,3.30999994277954,0.769999980926514,4.26000022888184,0,42,14,227,1157,2390,2016-04-12,NA,NA,NA,Tuesday,2,FALSE,NA,Active,283,283,1,"[1e+04,1.25e+04)"
2022484408,4/13/2016,12024,8.5,8.5,0,2.99000000953674,0.100000001490116,5.40999984741211,0,43,5,292,1100,2601,2016-04-13,NA,NA,NA,Wednesday,3,FALSE,NA,Active,340,340,1,"[1e+04,1.25e+04)"
2022484408,4/14/2016,10690,7.5,7.5,0,2.48000001907349,0.209999993443489,4.82000017166138,0,32,3,257,1148,2312,2016-04-14,NA,NA,NA,Thursday,4,FALSE,NA,Active,292,292,1,"[1e+04,1.25e+04)"
2022484408,4/15/2016,11034,8.02999973297119,8.02999973297119,0,1.94000005722046,0.310000002384186,5.78000020980835,0,27,9,282,1122,2525,2016-04-15,NA,NA,NA,Friday,5,FALSE,NA,Active,318,318,1,"[1e+04,1.25e+04)"
2022484408,4/16/2016,10100,7.09000015258789,7.09000015258789,0,3.15000009536743,0.550000011920929,3.39000010490417,0,41,11,151,1237,2177,2016-04-16,NA,NA,NA,Saturday,6,TRUE,NA,Active,203,203,1,"[1e+04,1.25e+04)"
2022484408,4/17/2016,15112,11.3999996185303,11.3999996185303,0,3.86999988555908,0.660000026226044,6.88000011444092,0,28,29,331,1052,2782,2016-04-17,NA,NA,NA,Sunday,7,TRUE,NA,Highly Active,388,388,1,"[1.5e+04,1.75e+04)"
2022484408,4/18/2016,14131,10.0699996948242,10.0699996948242,0,3.64000010490417,0.119999997317791,6.30000019073486,0,48,3,311,1078,2770,2016-04-18,NA,NA,NA,Monday,1,FALSE,NA,Highly Active,362,362,1,"[1.25e+04,1.5e+04)"
2022484408,4/19/2016,11548,8.52999973297119,8.52999973297119,0,3.28999996185303,0.239999994635582,5,0,31,7,250,1152,2489,2016-04-19,NA,NA,NA,Tuesday,2,FALSE,NA,Active,288,288,1,"[1e+04,1.25e+04)"
2022484408,4/20/2016,15112,10.6700000762939,10.6700000762939,0,3.33999991416931,1.92999994754791,5.40000009536743,0,48,63,276,1053,2897,2016-04-20,NA,NA,NA,Wednesday,3,FALSE,NA,Highly Active,387,387,1,"[1.5e+04,1.75e+04)"
2022484408,4/21/2016,12453,8.73999977111816,8.73999977111816,0,3.32999992370605,1.11000001430511,4.30999994277954,0,104,53,255,1028,3158,2016-04-21,NA,NA,NA,Thursday,4,FALSE,NA,Active,412,412,1,"[1e+04,1.25e+04)"
2022484408,4/22/2016,12954,9.32999992370605,9.32999992370605,0,4.42999982833862,0.419999986886978,4.46999979019165,0,52,10,273,1105,2638,2016-04-22,NA,NA,NA,Friday,5,FALSE,NA,Highly Active,335,335,1,"[1.25e+04,1.5e+04)"
2022484408,4/23/2016,6001,4.21000003814697,4.21000003814697,0,0,0,4.21000003814697,0,0,0,249,1191,2069,2016-04-23,NA,NA,NA,Saturday,6,TRUE,NA,Low Active,249,249,1,"[5e+03,7.5e+03)"
2022484408,4/24/2016,13481,10.2799997329712,10.2799997329712,0,4.55000019073486,1.14999997615814,4.57999992370605,0,37,26,216,1161,2529,2016-04-24,NA,NA,NA,Sunday,7,TRUE,NA,Highly Active,279,279,1,"[1.25e+04,1.5e+04)"
2022484408,4/25/2016,11369,8.01000022888184,8.01000022888184,0,3.32999992370605,0.219999998807907,4.46000003814697,0,44,8,217,1171,2470,2016-04-25,NA,NA,NA,Monday,1,FALSE,NA,Active,269,269,1,"[1e+04,1.25e+04)"
2022484408,4/26/2016,10119,7.19000005722046,7.19000005722046,0,1.42999994754791,0.660000026226044,5.1100001335144,0,55,24,275,1086,2793,2016-04-26,NA,NA,NA,Tuesday,2,FALSE,NA,Active,354,354,1,"[1e+04,1.25e+04)"
2022484408,4/27/2016,10159,7.13000011444092,7.13000011444092,0,1.03999996185303,0.970000028610229,5.11999988555908,0,19,20,282,1119,2463,2016-04-27,NA,NA,NA,Wednesday,3,FALSE,NA,Active,321,321,1,"[1e+04,1.25e+04)"
2022484408,4/28/2016,10140,7.11999988555908,7.11999988555908,0,0.409999996423721,1.33000004291534,5.3899998664856,0,6,20,291,1123,2296,2016-04-28,NA,NA,NA,Thursday,4,FALSE,NA,Active,317,317,1,"[1e+04,1.25e+04)"
2022484408,4/29/2016,10245,7.19000005722046,7.19000005722046,0,0.479999989271164,1.21000003814697,5.5,0,21,40,281,1098,2611,2016-04-29,NA,NA,NA,Friday,5,FALSE,NA,Active,342,342,1,"[1e+04,1.25e+04)"
2022484408,4/30/2016,18387,12.9099998474121,12.9099998474121,0,0.939999997615814,1.39999997615814,10.5699996948242,0,13,23,361,1043,2732,2016-04-30,NA,NA,NA,Saturday,6,TRUE,NA,Highly Active,397,397,1,"[1.75e+04,2e+04)"
2022484408,5/1/2016,10538,7.40000009536743,7.40000009536743,0,1.94000005722046,0.959999978542328,4.5,0,25,28,245,1142,2380,2016-05-01,NA,NA,NA,Sunday,7,TRUE,NA,Active,298,298,1,"[1e+04,1.25e+04)"
2022484408,5/2/2016,10379,7.28999996185303,7.28999996185303,0,2.60999989509583,0.340000003576279,4.32999992370605,0,36,8,277,1119,2473,2016-05-02,NA,NA,NA,Monday,1,FALSE,NA,Active,321,321,1,"[1e+04,1.25e+04)"
2022484408,5/3/2016,12183,8.73999977111816,8.73999977111816,0,3.99000000953674,0.46000000834465,4.28000020980835,0,72,14,250,1104,2752,2016-05-03,NA,NA,NA,Tuesday,2,FALSE,NA,Active,336,336,1,"[1e+04,1.25e+04)"
2022484408,5/4/2016,11768,8.28999996185303,8.28999996185303,0,2.50999999046326,0.930000007152557,4.84999990463257,0,36,27,272,1105,2649,2016-05-04,NA,NA,NA,Wednesday,3,FALSE,NA,Active,335,335,1,"[1e+04,1.25e+04)"
2022484408,5/5/2016,11895,8.35000038146973,8.35000038146973,0,2.78999996185303,0.860000014305115,4.69999980926514,0,55,20,253,1112,2609,2016-05-05,NA,NA,NA,Thursday,4,FALSE,NA,Active,328,328,1,"[1e+04,1.25e+04)"
2022484408,5/6/2016,10227,7.17999982833862,7.17999982833862,0,1.87000000476837,0.670000016689301,4.6399998664856,0,24,17,295,1104,2498,2016-05-06,NA,NA,NA,Friday,5,FALSE,NA,Active,336,336,1,"[1e+04,1.25e+04)"
2022484408,5/7/2016,6708,4.71000003814697,4.71000003814697,0,1.61000001430511,0.0799999982118607,3.01999998092651,0,20,2,149,1269,1995,2016-05-07,NA,NA,NA,Saturday,6,TRUE,NA,Low Active,171,171,1,"[5e+03,7.5e+03)"
2022484408,5/8/2016,3292,2.30999994277954,2.30999994277954,0,0,0,2.30999994277954,0,0,0,135,1305,1848,2016-05-08,NA,NA,NA,Sunday,7,TRUE,NA,Sedentary,135,135,1,"[2.5e+03,5e+03)"
2022484408,5/9/2016,13379,9.39000034332275,9.39000034332275,0,2.11999988555908,1.62999999523163,5.6399998664856,0,35,47,297,1061,2709,2016-05-09,NA,NA,NA,Monday,1,FALSE,NA,Highly Active,379,379,1,"[1.25e+04,1.5e+04)"
2022484408,5/10/2016,12798,8.97999954223633,8.97999954223633,0,2.22000002861023,1.21000003814697,5.55999994277954,0,57,28,271,1084,2797,2016-05-10,NA,NA,NA,Tuesday,2,FALSE,NA,Highly Active,356,356,1,"[1.25e+04,1.5e+04)"
2022484408,5/11/2016,13272,9.31999969482422,9.31999969482422,0,4.17999982833862,1.14999997615814,3.99000000953674,0,58,25,224,1133,2544,2016-05-11,NA,NA,NA,Wednesday,3,FALSE,NA,Highly Active,307,307,1,"[1.25e+04,1.5e+04)"
2022484408,5/12/2016,9117,6.40999984741211,6.40999984741211,0,1.27999997138977,0.670000016689301,4.44000005722046,0,16,16,236,728,1853,2016-05-12,NA,NA,NA,Thursday,4,FALSE,NA,Somewhat Active,268,712,0.37640449438202245,"[7.5e+03,1e+04)"
2026352035,4/12/2016,4414,2.74000000953674,2.74000000953674,0,0.189999997615814,0.349999994039536,2.20000004768372,0,3,8,181,706,1459,2016-04-12,1,503,546,Tuesday,2,FALSE,0.9212454212454212,Sedentary,192,734,0.2615803814713896,"[2.5e+03,5e+03)"
2026352035,4/13/2016,4993,3.09999990463257,3.09999990463257,0,0,0,3.09999990463257,0,0,0,238,663,1521,2016-04-13,1,531,565,Wednesday,3,FALSE,0.9398230088495575,Sedentary,238,777,0.3063063063063063,"[2.5e+03,5e+03)"
2026352035,4/14/2016,3335,2.0699999332428,2.0699999332428,0,0,0,2.04999995231628,0,0,0,197,653,1431,2016-04-14,1,545,568,Thursday,4,FALSE,0.9595070422535211,Sedentary,197,787,0.2503176620076239,"[2.5e+03,5e+03)"
2026352035,4/15/2016,3821,2.36999988555908,2.36999988555908,0,0,0,2.36999988555908,0,0,0,188,687,1444,2016-04-15,1,523,573,Friday,5,FALSE,0.912739965095986,Sedentary,188,753,0.249667994687915,"[2.5e+03,5e+03)"
2026352035,4/16/2016,2547,1.58000004291534,1.58000004291534,0,0,0,1.58000004291534,0,0,0,150,728,1373,2016-04-16,1,524,567,Saturday,6,TRUE,0.9241622574955908,Sedentary,150,712,0.21067415730337077,"[2.5e+03,5e+03)"
2026352035,4/17/2016,838,0.519999980926514,0.519999980926514,0,0,0,0.519999980926514,0,0,0,60,1053,1214,2016-04-17,1,437,498,Sunday,7,TRUE,0.8775100401606426,Sedentary,60,387,0.15503875968992248,"[0,2.5e+03)"
2026352035,4/18/2016,3325,2.05999994277954,2.05999994277954,0,0,0,2.05999994277954,0,0,0,182,1062,1419,2016-04-18,NA,NA,NA,Monday,1,FALSE,NA,Sedentary,182,378,0.48148148148148145,"[2.5e+03,5e+03)"
2026352035,4/19/2016,2424,1.5,1.5,0,0,0,1.5,0,0,0,141,785,1356,2016-04-19,1,498,540,Tuesday,2,FALSE,0.9222222222222223,Sedentary,141,655,0.2152671755725191,"[0,2.5e+03)"
2026352035,4/20/2016,7222,4.48000001907349,4.48000001907349,0,0,0,4.48000001907349,0,0,0,327,623,1667,2016-04-20,1,461,510,Wednesday,3,FALSE,0.903921568627451,Low Active,327,817,0.40024479804161567,"[5e+03,7.5e+03)"
2026352035,4/21/2016,2467,1.52999997138977,1.52999997138977,0,0,0,1.52999997138977,0,0,0,153,749,1370,2016-04-21,1,477,514,Thursday,4,FALSE,0.9280155642023347,Sedentary,153,691,0.22141823444283648,"[0,2.5e+03)"
2026352035,4/22/2016,2915,1.80999994277954,1.80999994277954,0,0,0,1.80999994277954,0,0,0,162,712,1399,2016-04-22,1,520,545,Friday,5,FALSE,0.9541284403669725,Sedentary,162,728,0.22252747252747251,"[2.5e+03,5e+03)"
2026352035,4/23/2016,12357,7.71000003814697,7.71000003814697,0,0,0,7.71000003814697,0,0,0,432,458,1916,2016-04-23,1,522,554,Saturday,6,TRUE,0.9422382671480144,Active,432,982,0.439918533604888,"[1e+04,1.25e+04)"
2026352035,4/24/2016,3490,2.16000008583069,2.16000008583069,0,0,0,2.16000008583069,0,0,0,164,704,1401,2016-04-24,1,555,591,Sunday,7,TRUE,0.9390862944162437,Sedentary,164,736,0.22282608695652173,"[2.5e+03,5e+03)"
2026352035,4/25/2016,6017,3.73000001907349,3.73000001907349,0,0,0,3.73000001907349,0,0,0,260,821,1576,2016-04-25,1,506,531,Monday,1,FALSE,0.9529190207156308,Low Active,260,619,0.420032310177706,"[5e+03,7.5e+03)"
2026352035,4/26/2016,5933,3.6800000667572,3.6800000667572,0,0,0,3.6800000667572,0,0,0,288,1018,1595,2016-04-26,NA,NA,NA,Tuesday,2,FALSE,NA,Low Active,288,422,0.6824644549763034,"[5e+03,7.5e+03)"
2026352035,4/27/2016,6088,3.76999998092651,3.76999998092651,0,0,0,3.76999998092651,0,0,0,286,586,1593,2016-04-27,1,508,545,Wednesday,3,FALSE,0.9321100917431193,Low Active,286,854,0.33489461358313816,"[5e+03,7.5e+03)"
2026352035,4/28/2016,6375,3.95000004768372,3.95000004768372,0,0,0,3.95000004768372,0,0,0,331,626,1649,2016-04-28,1,513,545,Thursday,4,FALSE,0.9412844036697248,Low Active,331,814,0.40663390663390664,"[5e+03,7.5e+03)"
2026352035,4/29/2016,7604,4.71000003814697,4.71000003814697,0,0,0,4.71000003814697,0,0,0,352,492,1692,2016-04-29,1,490,510,Friday,5,FALSE,0.9607843137254902,Somewhat Active,352,948,0.37130801687763715,"[7.5e+03,1e+04)"
2026352035,4/30/2016,4729,2.9300000667572,2.9300000667572,0,0,0,2.9300000667572,0,0,0,233,594,1506,2016-04-30,1,573,607,Saturday,6,TRUE,0.943986820428336,Sedentary,233,846,0.27541371158392436,"[2.5e+03,5e+03)"
2026352035,5/1/2016,3609,2.27999997138977,2.27999997138977,0,0,0,2.27999997138977,0,0,0,191,716,1447,2016-05-01,1,527,546,Sunday,7,TRUE,0.9652014652014652,Sedentary,191,724,0.2638121546961326,"[2.5e+03,5e+03)"
2026352035,5/2/2016,7018,4.34999990463257,4.34999990463257,0,0,0,4.34999990463257,0,0,0,355,716,1690,2016-05-02,1,511,543,Monday,1,FALSE,0.9410681399631676,Low Active,355,724,0.4903314917127072,"[5e+03,7.5e+03)"
2026352035,5/3/2016,5992,3.72000002861023,3.72000002861023,0,0,0,3.72000002861023,0,0,0,304,981,1604,2016-05-03,NA,NA,NA,Tuesday,2,FALSE,NA,Low Active,304,459,0.6623093681917211,"[5e+03,7.5e+03)"
2026352035,5/4/2016,6564,4.07000017166138,4.07000017166138,0,0,0,4.07000017166138,0,0,0,345,530,1658,2016-05-04,1,538,560,Wednesday,3,FALSE,0.9607142857142857,Low Active,345,910,0.3791208791208791,"[5e+03,7.5e+03)"
2026352035,5/5/2016,12167,7.53999996185303,7.53999996185303,0,0,0,7.53999996185303,0,0,0,475,479,1926,2016-05-05,1,468,485,Thursday,4,FALSE,0.9649484536082474,Active,475,961,0.49427679500520294,"[1e+04,1.25e+04)"
2026352035,5/6/2016,8198,5.07999992370605,5.07999992370605,0,0,0,5.07999992370605,0,0,0,383,511,1736,2016-05-06,1,524,548,Friday,5,FALSE,0.9562043795620438,Somewhat Active,383,929,0.41227125941872983,"[7.5e+03,1e+04)"
2026352035,5/7/2016,4193,2.59999990463257,2.59999990463257,0,0,0,2.59999990463257,0,0,0,229,665,1491,2016-05-07,1,511,521,Saturday,6,TRUE,0.980806142034549,Sedentary,229,775,0.2954838709677419,"[2.5e+03,5e+03)"
2026352035,5/8/2016,5528,3.45000004768372,3.45000004768372,0,0,0,3.45000004768372,0,0,0,258,610,1555,2016-05-08,1,541,568,Sunday,7,TRUE,0.9524647887323944,Low Active,258,830,0.3108433734939759,"[5e+03,7.5e+03)"
2026352035,5/9/2016,10685,6.61999988555908,6.61999988555908,0,0,0,6.59999990463257,0,0,0,401,543,1869,2016-05-09,1,531,556,Monday,1,FALSE,0.9550359712230215,Active,401,897,0.44704570791527315,"[1e+04,1.25e+04)"
2026352035,5/10/2016,254,0.159999996423721,0.159999996423721,0,0,0,0.159999996423721,0,0,0,17,1002,1141,2016-05-10,1,357,380,Tuesday,2,FALSE,0.9394736842105263,Sedentary,17,438,0.03881278538812785,"[0,2.5e+03)"
2026352035,5/11/2016,8580,5.32000017166138,5.32000017166138,0,0,0,5.32000017166138,0,0,0,330,569,1698,2016-05-11,1,523,553,Wednesday,3,FALSE,0.945750452079566,Somewhat Active,330,871,0.3788748564867968,"[7.5e+03,1e+04)"
2026352035,5/12/2016,8891,5.51000022888184,5.51000022888184,0,0,0,5.51000022888184,0,0,0,343,330,1364,2016-05-12,1,456,485,Thursday,4,FALSE,0.9402061855670103,Somewhat Active,343,1110,0.309009009009009,"[7.5e+03,1e+04)"
2320127002,4/12/2016,10725,7.48999977111816,7.48999977111816,0,1.16999995708466,0.310000002384186,6.01000022888184,0,13,9,306,1112,2124,2016-04-12,NA,NA,NA,Tuesday,2,FALSE,NA,Active,328,328,1,"[1e+04,1.25e+04)"
2320127002,4/13/2016,7275,4.90000009536743,4.90000009536743,0,0,0,4.90000009536743,0,0,0,335,1105,2003,2016-04-13,NA,NA,NA,Wednesday,3,FALSE,NA,Low Active,335,335,1,"[5e+03,7.5e+03)"
2320127002,4/14/2016,3973,2.6800000667572,2.6800000667572,0,0,0,2.6800000667572,0,0,0,191,1249,1696,2016-04-14,NA,NA,NA,Thursday,4,FALSE,NA,Sedentary,191,191,1,"[2.5e+03,5e+03)"
2320127002,4/15/2016,5205,3.50999999046326,3.50999999046326,0,0,0,3.50999999046326,0,0,0,245,1195,1801,2016-04-15,NA,NA,NA,Friday,5,FALSE,NA,Low Active,245,245,1,"[5e+03,7.5e+03)"
2320127002,4/16/2016,5057,3.41000008583069,3.41000008583069,0,0,0,3.40000009536743,0,0,0,195,1245,1724,2016-04-16,NA,NA,NA,Saturday,6,TRUE,NA,Low Active,195,195,1,"[5e+03,7.5e+03)"
2320127002,4/17/2016,6198,4.17999982833862,4.17999982833862,0,0,0,4.17999982833862,0,0,0,249,1191,1852,2016-04-17,NA,NA,NA,Sunday,7,TRUE,NA,Low Active,249,249,1,"[5e+03,7.5e+03)"
2320127002,4/18/2016,6559,4.42000007629395,4.42000007629395,0,0,0.259999990463257,4.1399998664856,0,0,7,260,1173,1905,2016-04-18,NA,NA,NA,Monday,1,FALSE,NA,Low Active,267,267,1,"[5e+03,7.5e+03)"
2320127002,4/19/2016,5997,4.03999996185303,4.03999996185303,0,0,0.379999995231628,3.66000008583069,0,0,11,228,1201,1811,2016-04-19,NA,NA,NA,Tuesday,2,FALSE,NA,Low Active,239,239,1,"[5e+03,7.5e+03)"
2320127002,4/20/2016,7192,4.84999990463257,4.84999990463257,0,0,0.490000009536743,4.34000015258789,0,0,11,283,1146,1922,2016-04-20,NA,NA,NA,Wednesday,3,FALSE,NA,Low Active,294,294,1,"[5e+03,7.5e+03)"
2320127002,4/21/2016,3404,2.28999996185303,2.28999996185303,0,0.0599999986588955,0.419999986886978,1.80999994277954,0,1,10,127,1302,1610,2016-04-21,NA,NA,NA,Thursday,4,FALSE,NA,Sedentary,138,138,1,"[2.5e+03,5e+03)"
2320127002,4/22/2016,5583,3.75999999046326,3.75999999046326,0,0,0,3.75999999046326,0,0,0,266,1174,1851,2016-04-22,NA,NA,NA,Friday,5,FALSE,NA,Low Active,266,266,1,"[5e+03,7.5e+03)"
2320127002,4/23/2016,5079,3.42000007629395,3.42000007629395,0,0,0,3.42000007629395,0,0,0,242,1129,1804,2016-04-23,1,61,69,Saturday,6,TRUE,0.8840579710144928,Low Active,242,311,0.7781350482315113,"[5e+03,7.5e+03)"
2320127002,4/24/2016,4165,2.80999994277954,2.80999994277954,0,0,0,2.79999995231628,0,0,0,204,1236,1725,2016-04-24,NA,NA,NA,Sunday,7,TRUE,NA,Sedentary,204,204,1,"[2.5e+03,5e+03)"
2320127002,4/25/2016,3588,2.42000007629395,2.42000007629395,0,0.230000004172325,0.200000002980232,1.99000000953674,0,3,5,152,1280,1654,2016-04-25,NA,NA,NA,Monday,1,FALSE,NA,Sedentary,160,160,1,"[2.5e+03,5e+03)"
2320127002,4/26/2016,3409,2.29999995231628,2.29999995231628,0,0,0,2.29999995231628,0,0,0,147,1293,1632,2016-04-26,NA,NA,NA,Tuesday,2,FALSE,NA,Sedentary,147,147,1,"[2.5e+03,5e+03)"
2320127002,4/27/2016,1715,1.1599999666214,1.1599999666214,0,0,0,1.1599999666214,0,0,0,82,1358,1481,2016-04-27,NA,NA,NA,Wednesday,3,FALSE,NA,Sedentary,82,82,1,"[0,2.5e+03)"
2320127002,4/28/2016,1532,1.02999997138977,1.02999997138977,0,0,0,1.02999997138977,0,0,0,76,1364,1473,2016-04-28,NA,NA,NA,Thursday,4,FALSE,NA,Sedentary,76,76,1,"[0,2.5e+03)"
2320127002,4/29/2016,924,0.620000004768372,0.620000004768372,0,0,0,0.620000004768372,0,0,0,45,1395,1410,2016-04-29,NA,NA,NA,Friday,5,FALSE,NA,Sedentary,45,45,1,"[0,2.5e+03)"
2320127002,4/30/2016,4571,3.07999992370605,3.07999992370605,0,0,0,3.0699999332428,0,0,0,234,1206,1779,2016-04-30,NA,NA,NA,Saturday,6,TRUE,NA,Sedentary,234,234,1,"[2.5e+03,5e+03)"
2320127002,5/1/2016,772,0.519999980926514,0.519999980926514,0,0,0,0.519999980926514,0,0,0,40,1400,1403,2016-05-01,NA,NA,NA,Sunday,7,TRUE,NA,Sedentary,40,40,1,"[0,2.5e+03)"
2320127002,5/2/2016,3634,2.45000004768372,2.45000004768372,0,0.360000014305115,0.209999993443489,1.87999999523163,0,5,6,123,1306,1613,2016-05-02,NA,NA,NA,Monday,1,FALSE,NA,Sedentary,134,134,1,"[2.5e+03,5e+03)"
2320127002,5/3/2016,7443,5.01999998092651,5.01999998092651,0,1.49000000953674,0.370000004768372,3.16000008583069,0,20,10,206,1204,1878,2016-05-03,NA,NA,NA,Tuesday,2,FALSE,NA,Low Active,236,236,1,"[5e+03,7.5e+03)"
2320127002,5/4/2016,1201,0.810000002384186,0.810000002384186,0,0,0,0.810000002384186,0,0,0,52,1388,1426,2016-05-04,NA,NA,NA,Wednesday,3,FALSE,NA,Sedentary,52,52,1,"[0,2.5e+03)"
2320127002,5/5/2016,5202,3.50999999046326,3.50999999046326,0,0,0.389999985694885,3.10999989509583,0,0,11,223,1206,1780,2016-05-05,NA,NA,NA,Thursday,4,FALSE,NA,Low Active,234,234,1,"[5e+03,7.5e+03)"
2320127002,5/6/2016,4878,3.28999996185303,3.28999996185303,0,0,0,3.28999996185303,0,0,0,204,1236,1742,2016-05-06,NA,NA,NA,Friday,5,FALSE,NA,Sedentary,204,204,1,"[2.5e+03,5e+03)"
2320127002,5/7/2016,7379,4.96999979019165,4.96999979019165,0,0,0,4.96999979019165,0,0,0,319,1121,1972,2016-05-07,NA,NA,NA,Saturday,6,TRUE,NA,Low Active,319,319,1,"[5e+03,7.5e+03)"
2320127002,5/8/2016,5161,3.48000001907349,3.48000001907349,0,0,0,3.47000002861023,0,0,0,247,1193,1821,2016-05-08,NA,NA,NA,Sunday,7,TRUE,NA,Low Active,247,247,1,"[5e+03,7.5e+03)"
2320127002,5/9/2016,3090,2.07999992370605,2.07999992370605,0,0,0,2.07999992370605,0,0,0,145,1295,1630,2016-05-09,NA,NA,NA,Monday,1,FALSE,NA,Sedentary,145,145,1,"[2.5e+03,5e+03)"
2320127002,5/10/2016,6227,4.19999980926514,4.19999980926514,0,0,0,4.19999980926514,0,0,0,290,1150,1899,2016-05-10,NA,NA,NA,Tuesday,2,FALSE,NA,Low Active,290,290,1,"[5e+03,7.5e+03)"
2320127002,5/11/2016,6424,4.32999992370605,4.32999992370605,0,0,0,4.32999992370605,0,0,0,300,1140,1903,2016-05-11,NA,NA,NA,Wednesday,3,FALSE,NA,Low Active,300,300,1,"[5e+03,7.5e+03)"
2320127002,5/12/2016,2661,1.78999996185303,1.78999996185303,0,0,0,1.78999996185303,0,0,0,128,830,1125,2016-05-12,NA,NA,NA,Thursday,4,FALSE,NA,Sedentary,128,610,0.2098360655737705,"[2.5e+03,5e+03)"
2347167796,4/12/2016,10113,6.82999992370605,6.82999992370605,0,2,0.620000004768372,4.19999980926514,0,28,13,320,964,2344,2016-04-12,NA,NA,NA,Tuesday,2,FALSE,NA,Active,361,476,0.7584033613445378,"[1e+04,1.25e+04)"
2347167796,4/13/2016,10352,7.01000022888184,7.01000022888184,0,1.6599999666214,1.94000005722046,3.41000008583069,0,19,32,195,676,2038,2016-04-13,1,467,531,Wednesday,3,FALSE,0.879472693032015,Active,246,764,0.3219895287958115,"[1e+04,1.25e+04)"
2347167796,4/14/2016,10129,6.69999980926514,6.69999980926514,0,0.0199999995529652,2.74000000953674,3.94000005722046,0,1,48,206,705,2010,2016-04-14,1,445,489,Thursday,4,FALSE,0.9100204498977505,Active,255,735,0.3469387755102041,"[1e+04,1.25e+04)"
2347167796,4/15/2016,10465,6.92000007629395,6.92000007629395,0,0.0700000002980232,1.41999995708466,5.42999982833862,0,1,24,284,720,2133,2016-04-15,1,452,504,Friday,5,FALSE,0.8968253968253969,Active,309,720,0.42916666666666664,"[1e+04,1.25e+04)"
2347167796,4/16/2016,22244,15.0799999237061,15.0799999237061,0,5.44999980926514,4.09999990463257,5.53000020980835,0,66,72,268,968,2670,2016-04-16,NA,NA,NA,Saturday,6,TRUE,NA,Highly Active,406,472,0.8601694915254238,"[2e+04,2.25e+04)"
2347167796,4/17/2016,5472,3.61999988555908,3.61999988555908,0,0.0799999982118607,0.280000001192093,3.25999999046326,0,1,7,249,508,1882,2016-04-17,1,556,602,Sunday,7,TRUE,0.9235880398671097,Low Active,257,932,0.2757510729613734,"[5e+03,7.5e+03)"
2347167796,4/18/2016,8247,5.44999980926514,5.44999980926514,0,0.790000021457672,0.860000014305115,3.78999996185303,0,11,16,206,678,1944,2016-04-18,1,500,557,Monday,1,FALSE,0.8976660682226212,Somewhat Active,233,762,0.30577427821522307,"[7.5e+03,1e+04)"
2347167796,4/19/2016,6711,4.44000005722046,4.44000005722046,0,0,0,4.44000005722046,0,0,7,382,648,2346,2016-04-19,1,465,514,Tuesday,2,FALSE,0.9046692607003891,Low Active,389,792,0.4911616161616162,"[5e+03,7.5e+03)"
2347167796,4/20/2016,10999,7.26999998092651,7.26999998092651,0,0.680000007152557,1.80999994277954,4.78000020980835,0,11,43,269,1011,2198,2016-04-20,NA,NA,NA,Wednesday,3,FALSE,NA,Active,323,429,0.752913752913753,"[1e+04,1.25e+04)"
2347167796,4/21/2016,10080,6.75,6.75,0,1.85000002384186,1.52999997138977,3.38000011444092,0,23,26,208,761,2048,2016-04-21,1,460,484,Thursday,4,FALSE,0.9504132231404959,Active,257,679,0.3784977908689249,"[1e+04,1.25e+04)"
2347167796,4/22/2016,7804,5.15999984741211,5.15999984741211,0,0.560000002384186,1.67999994754791,2.92000007629395,0,9,27,206,781,1946,2016-04-22,1,405,461,Friday,5,FALSE,0.8785249457700651,Somewhat Active,242,659,0.36722306525037934,"[7.5e+03,1e+04)"
2347167796,4/23/2016,16901,11.3699998855591,11.3699998855591,0,2.77999997138977,1.45000004768372,7.15000009536743,0,32,35,360,591,2629,2016-04-23,1,374,386,Saturday,6,TRUE,0.9689119170984456,Highly Active,427,849,0.502944640753828,"[1.5e+04,1.75e+04)"
2347167796,4/24/2016,9471,6.26000022888184,6.26000022888184,0,0,0,6.26000022888184,0,0,0,360,584,2187,2016-04-24,1,442,459,Sunday,7,TRUE,0.9629629629629629,Somewhat Active,360,856,0.4205607476635514,"[7.5e+03,1e+04)"
2347167796,4/25/2016,9482,6.38000011444092,6.38000011444092,0,1.26999998092651,0.519999980926514,4.59999990463257,0,15,11,277,653,2095,2016-04-25,1,433,471,Monday,1,FALSE,0.9193205944798302,Somewhat Active,303,787,0.3850063532401525,"[7.5e+03,1e+04)"
2347167796,4/26/2016,5980,3.95000004768372,3.95000004768372,0,0,0,3.95000004768372,0,0,0,227,732,1861,2016-04-26,1,436,490,Tuesday,2,FALSE,0.889795918367347,Low Active,227,708,0.3206214689265537,"[5e+03,7.5e+03)"
2347167796,4/27/2016,11423,7.57999992370605,7.57999992370605,0,1.86000001430511,0.400000005960464,5.32000017166138,0,26,9,295,623,2194,2016-04-27,1,448,499,Wednesday,3,FALSE,0.8977955911823647,Active,330,817,0.4039167686658507,"[1e+04,1.25e+04)"
2347167796,4/28/2016,5439,3.59999990463257,3.59999990463257,0,0,0,3.59999990463257,0,0,0,229,764,1854,2016-04-28,1,408,450,Thursday,4,FALSE,0.9066666666666666,Low Active,229,676,0.33875739644970415,"[5e+03,7.5e+03)"
2347167796,4/29/2016,42,0.0299999993294477,0.0299999993294477,0,0,0,0.0299999993294477,0,0,0,4,2,403,2016-04-29,1,411,473,Friday,5,FALSE,0.86892177589852,Sedentary,4,1438,0.0027816411682892906,"[0,2.5e+03)"
2873212765,4/12/2016,8796,5.90999984741211,5.90999984741211,0,0.109999999403954,0.930000007152557,4.88000011444092,0,2,21,356,1061,1982,2016-04-12,NA,NA,NA,Tuesday,2,FALSE,NA,Somewhat Active,379,379,1,"[7.5e+03,1e+04)"
2873212765,4/13/2016,7618,5.11999988555908,5.11999988555908,0,0,0.219999998807907,4.88000011444092,0.0199999995529652,0,8,404,1028,2004,2016-04-13,NA,NA,NA,Wednesday,3,FALSE,NA,Somewhat Active,412,412,1,"[7.5e+03,1e+04)"
2873212765,4/14/2016,7910,5.32000017166138,5.32000017166138,0,0,0,5.32000017166138,0,0,0,331,1109,1893,2016-04-14,NA,NA,NA,Thursday,4,FALSE,NA,Somewhat Active,331,331,1,"[7.5e+03,1e+04)"
2873212765,4/15/2016,8482,5.69999980926514,5.69999980926514,0,0,0,5.69000005722046,0.00999999977648258,0,0,448,992,2063,2016-04-15,NA,NA,NA,Friday,5,FALSE,NA,Somewhat Active,448,448,1,"[7.5e+03,1e+04)"
2873212765,4/16/2016,9685,6.65000009536743,6.65000009536743,0,3.10999989509583,0.0199999995529652,3.50999999046326,0.00999999977648258,47,1,305,1087,2148,2016-04-16,NA,NA,NA,Saturday,6,TRUE,NA,Somewhat Active,353,353,1,"[7.5e+03,1e+04)"
2873212765,4/17/2016,2524,1.70000004768372,1.70000004768372,0,0,0.349999994039536,1.3400000333786,0,0,8,160,1272,1529,2016-04-17,NA,NA,NA,Sunday,7,TRUE,NA,Sedentary,168,168,1,"[2.5e+03,5e+03)"
2873212765,4/18/2016,7762,5.23999977111816,5.23999977111816,0,0.0700000002980232,0.280000001192093,4.8899998664856,0,1,6,311,1122,1890,2016-04-18,NA,NA,NA,Monday,1,FALSE,NA,Somewhat Active,318,318,1,"[7.5e+03,1e+04)"
2873212765,4/19/2016,7948,5.36999988555908,5.36999988555908,0,0,0,5.3600001335144,0,0,0,389,1051,1956,2016-04-19,NA,NA,NA,Tuesday,2,FALSE,NA,Somewhat Active,389,389,1,"[7.5e+03,1e+04)"
2873212765,4/20/2016,9202,6.30000019073486,6.30000019073486,0,1.50999999046326,0.119999997317791,4.65999984741211,0.00999999977648258,22,5,378,1035,2094,2016-04-20,NA,NA,NA,Wednesday,3,FALSE,NA,Somewhat Active,405,405,1,"[7.5e+03,1e+04)"
2873212765,4/21/2016,8859,5.98000001907349,5.98000001907349,0,0.129999995231628,0.370000004768372,5.46999979019165,0.00999999977648258,2,10,371,1057,1970,2016-04-21,NA,NA,NA,Thursday,4,FALSE,NA,Somewhat Active,383,383,1,"[7.5e+03,1e+04)"
2873212765,4/22/2016,7286,4.90000009536743,4.90000009536743,0,0.46000000834465,0,4.42000007629395,0.0199999995529652,46,0,366,1028,2241,2016-04-22,NA,NA,NA,Friday,5,FALSE,NA,Low Active,412,412,1,"[5e+03,7.5e+03)"
2873212765,4/23/2016,9317,6.34999990463257,6.34999990463257,0,2.08999991416931,0.230000004172325,4.01999998092651,0.00999999977648258,28,5,330,1077,2021,2016-04-23,NA,NA,NA,Saturday,6,TRUE,NA,Somewhat Active,363,363,1,"[7.5e+03,1e+04)"
2873212765,4/24/2016,6873,4.67999982833862,4.67999982833862,0,3,0.0599999986588955,1.62000000476837,0,46,1,190,1203,1898,2016-04-24,NA,NA,NA,Sunday,7,TRUE,NA,Low Active,237,237,1,"[5e+03,7.5e+03)"
2873212765,4/25/2016,7373,4.94999980926514,4.94999980926514,0,0,0,4.94999980926514,0,0,0,359,1081,1907,2016-04-25,NA,NA,NA,Monday,1,FALSE,NA,Low Active,359,359,1,"[5e+03,7.5e+03)"
2873212765,4/26/2016,8242,5.53999996185303,5.53999996185303,0,0.119999997317791,0.180000007152557,5.23999977111816,0,2,5,309,1124,1882,2016-04-26,NA,NA,NA,Tuesday,2,FALSE,NA,Somewhat Active,316,316,1,"[7.5e+03,1e+04)"
2873212765,4/27/2016,3516,2.35999989509583,2.35999989509583,0,0,0,2.35999989509583,0,46,0,197,1197,1966,2016-04-27,NA,NA,NA,Wednesday,3,FALSE,NA,Sedentary,243,243,1,"[2.5e+03,5e+03)"
2873212765,4/28/2016,7913,5.40999984741211,5.40999984741211,0,2.16000008583069,0.340000003576279,2.91000008583069,0,28,7,213,1192,1835,2016-04-28,NA,NA,NA,Thursday,4,FALSE,NA,Somewhat Active,248,248,1,"[7.5e+03,1e+04)"
2873212765,4/29/2016,7365,4.94999980926514,4.94999980926514,0,1.36000001430511,1.4099999666214,2.1800000667572,0,20,23,206,1191,1780,2016-04-29,NA,NA,NA,Friday,5,FALSE,NA,Low Active,249,249,1,"[5e+03,7.5e+03)"
2873212765,4/30/2016,8452,5.67999982833862,5.67999982833862,0,0.330000013113022,1.08000004291534,4.26000022888184,0.00999999977648258,5,20,248,1167,1830,2016-04-30,NA,NA,NA,Saturday,6,TRUE,NA,Somewhat Active,273,273,1,"[7.5e+03,1e+04)"
2873212765,5/1/2016,7399,4.96999979019165,4.96999979019165,0,0.490000009536743,1.03999996185303,3.44000005722046,0,7,18,196,1219,1739,2016-05-01,NA,NA,NA,Sunday,7,TRUE,NA,Low Active,221,221,1,"[5e+03,7.5e+03)"
2873212765,5/2/2016,7525,5.05999994277954,5.05999994277954,0,0,0.209999993443489,4.82999992370605,0.0199999995529652,0,7,334,1099,1878,2016-05-02,NA,NA,NA,Monday,1,FALSE,NA,Somewhat Active,341,341,1,"[7.5e+03,1e+04)"
2873212765,5/3/2016,7412,4.98000001907349,4.98000001907349,0,0.0599999986588955,0.25,4.65999984741211,0.00999999977648258,1,6,363,1070,1906,2016-05-03,NA,NA,NA,Tuesday,2,FALSE,NA,Low Active,370,370,1,"[5e+03,7.5e+03)"
2873212765,5/4/2016,8278,5.55999994277954,5.55999994277954,0,0,0,5.55999994277954,0,0,0,420,1020,2015,2016-05-04,NA,NA,NA,Wednesday,3,FALSE,NA,Somewhat Active,420,420,1,"[7.5e+03,1e+04)"
2873212765,5/5/2016,8314,5.6100001335144,5.6100001335144,0,0.779999971389771,0.800000011920929,4.03000020980835,0,13,23,311,1093,1971,2016-05-05,NA,NA,NA,Thursday,4,FALSE,NA,Somewhat Active,347,347,1,"[7.5e+03,1e+04)"
2873212765,5/6/2016,7063,4.75,4.75,0,0,0.119999997317791,4.6100001335144,0.00999999977648258,0,5,370,1065,1910,2016-05-06,NA,NA,NA,Friday,5,FALSE,NA,Low Active,375,375,1,"[5e+03,7.5e+03)"
2873212765,5/7/2016,4940,3.38000011444092,3.38000011444092,0,2.27999997138977,0.550000011920929,0.550000011920929,0,75,11,52,1302,1897,2016-05-07,NA,NA,NA,Saturday,6,TRUE,NA,Sedentary,138,138,1,"[2.5e+03,5e+03)"
2873212765,5/8/2016,8168,5.53999996185303,5.53999996185303,0,2.90000009536743,0,2.64000010490417,0,46,0,326,1068,2096,2016-05-08,NA,NA,NA,Sunday,7,TRUE,NA,Somewhat Active,372,372,1,"[7.5e+03,1e+04)"
2873212765,5/9/2016,7726,5.19000005722046,5.19000005722046,0,0,0,5.19000005722046,0,0,0,345,1095,1906,2016-05-09,NA,NA,NA,Monday,1,FALSE,NA,Somewhat Active,345,345,1,"[7.5e+03,1e+04)"
2873212765,5/10/2016,8275,5.55999994277954,5.55999994277954,0,0,0,5.55000019073486,0.00999999977648258,0,0,373,1067,1962,2016-05-10,NA,NA,NA,Tuesday,2,FALSE,NA,Somewhat Active,373,373,1,"[7.5e+03,1e+04)"
2873212765,5/11/2016,6440,4.32999992370605,4.32999992370605,0,0,0,4.32000017166138,0.00999999977648258,0,0,319,1121,1826,2016-05-11,NA,NA,NA,Wednesday,3,FALSE,NA,Low Active,319,319,1,"[5e+03,7.5e+03)"
2873212765,5/12/2016,7566,5.1100001335144,5.1100001335144,0,0,0,5.1100001335144,0,0,0,268,720,1431,2016-05-12,NA,NA,NA,Thursday,4,FALSE,NA,Somewhat Active,268,720,0.37222222222222223,"[7.5e+03,1e+04)"
3372868164,4/12/2016,4747,3.24000000953674,3.24000000953674,0,0,0,3.23000001907349,0.00999999977648258,0,0,280,1160,1788,2016-04-12,NA,NA,NA,Tuesday,2,FALSE,NA,Sedentary,280,280,1,"[2.5e+03,5e+03)"
3372868164,4/13/2016,9715,6.63000011444092,6.63000011444092,0,0.990000009536743,0.340000003576279,5.26999998092651,0.0199999995529652,16,8,371,1045,2093,2016-04-13,NA,NA,NA,Wednesday,3,FALSE,NA,Somewhat Active,395,395,1,"[7.5e+03,1e+04)"
3372868164,4/14/2016,8844,6.03000020980835,6.03000020980835,0,0.340000003576279,1.02999997138977,4.65000009536743,0.00999999977648258,6,25,370,1039,2065,2016-04-14,NA,NA,NA,Thursday,4,FALSE,NA,Somewhat Active,401,401,1,"[7.5e+03,1e+04)"
3372868164,4/15/2016,7451,5.07999992370605,5.07999992370605,0,0,0,5.05999994277954,0.0199999995529652,0,0,335,1105,1908,2016-04-15,NA,NA,NA,Friday,5,FALSE,NA,Low Active,335,335,1,"[5e+03,7.5e+03)"
3372868164,4/16/2016,6905,4.73000001907349,4.73000001907349,0,0,0,4.69999980926514,0.0299999993294477,0,0,356,1084,1908,2016-04-16,NA,NA,NA,Saturday,6,TRUE,NA,Low Active,356,356,1,"[5e+03,7.5e+03)"
3372868164,4/17/2016,8199,5.88000011444092,5.88000011444092,0,1.4099999666214,0.100000001490116,4.3600001335144,0.00999999977648258,11,2,322,1105,1964,2016-04-17,NA,NA,NA,Sunday,7,TRUE,NA,Somewhat Active,335,335,1,"[7.5e+03,1e+04)"
3372868164,4/18/2016,6798,4.6399998664856,4.6399998664856,0,1.08000004291534,0.200000002980232,3.34999990463257,0,20,7,343,1070,2014,2016-04-18,NA,NA,NA,Monday,1,FALSE,NA,Low Active,370,370,1,"[5e+03,7.5e+03)"
3372868164,4/19/2016,7711,5.26000022888184,5.26000022888184,0,0,0,5.23999977111816,0.0199999995529652,0,0,376,1064,1985,2016-04-19,NA,NA,NA,Tuesday,2,FALSE,NA,Somewhat Active,376,376,1,"[7.5e+03,1e+04)"
3372868164,4/20/2016,4880,3.32999992370605,3.32999992370605,0,0.839999973773956,0.0900000035762787,2.38000011444092,0.0199999995529652,15,3,274,1148,1867,2016-04-20,NA,NA,NA,Wednesday,3,FALSE,NA,Sedentary,292,292,1,"[2.5e+03,5e+03)"
3372868164,4/21/2016,8857,6.07000017166138,6.07000017166138,0,1.14999997615814,0.259999990463257,4.6399998664856,0.00999999977648258,18,9,376,1037,2124,2016-04-21,NA,NA,NA,Thursday,4,FALSE,NA,Somewhat Active,403,403,1,"[7.5e+03,1e+04)"
3372868164,4/22/2016,3843,2.61999988555908,2.61999988555908,0,0,0,2.60999989509583,0.00999999977648258,0,0,206,1234,1669,2016-04-22,NA,NA,NA,Friday,5,FALSE,NA,Sedentary,206,206,1,"[2.5e+03,5e+03)"
3372868164,4/23/2016,7396,5.07000017166138,5.07000017166138,0,1.39999997615814,0.0799999982118607,3.57999992370605,0,20,2,303,1115,1995,2016-04-23,NA,NA,NA,Saturday,6,TRUE,NA,Low Active,325,325,1,"[5e+03,7.5e+03)"
3372868164,4/24/2016,6731,4.59000015258789,4.59000015258789,0,0.889999985694885,0.189999997615814,3.49000000953674,0.0199999995529652,14,7,292,1127,1921,2016-04-24,NA,NA,NA,Sunday,7,TRUE,NA,Low Active,313,313,1,"[5e+03,7.5e+03)"
3372868164,4/25/2016,5995,4.09000015258789,4.09000015258789,0,0,0,4.09000015258789,0,0,0,416,1024,2010,2016-04-25,NA,NA,NA,Monday,1,FALSE,NA,Low Active,416,416,1,"[5e+03,7.5e+03)"
3372868164,4/26/2016,8283,5.78999996185303,5.78999996185303,0,1.85000002384186,0.0500000007450581,3.86999988555908,0.00999999977648258,22,2,333,1083,2057,2016-04-26,NA,NA,NA,Tuesday,2,FALSE,NA,Somewhat Active,357,357,1,"[7.5e+03,1e+04)"
3372868164,4/27/2016,7904,5.42000007629395,5.42000007629395,0,1.58000004291534,0.629999995231628,3.19000005722046,0.00999999977648258,24,13,346,1057,2095,2016-04-27,NA,NA,NA,Wednesday,3,FALSE,NA,Somewhat Active,383,383,1,"[7.5e+03,1e+04)"
3372868164,4/28/2016,5512,3.75999999046326,3.75999999046326,0,0,0,3.75999999046326,0,0,0,385,1055,1972,2016-04-28,NA,NA,NA,Thursday,4,FALSE,NA,Low Active,385,385,1,"[5e+03,7.5e+03)"
3372868164,4/29/2016,9135,6.23000001907349,6.23000001907349,0,0,0,6.21999979019165,0.00999999977648258,0,0,402,1038,2044,2016-04-29,NA,NA,NA,Friday,5,FALSE,NA,Somewhat Active,402,402,1,"[7.5e+03,1e+04)"
3372868164,4/30/2016,5250,3.57999992370605,3.57999992370605,0,1.05999994277954,0.0900000035762787,2.42000007629395,0.00999999977648258,17,4,300,1119,1946,2016-04-30,NA,NA,NA,Saturday,6,TRUE,NA,Low Active,321,321,1,"[5e+03,7.5e+03)"
3372868164,5/1/2016,3077,2.09999990463257,2.09999990463257,0,0,0,2.08999991416931,0,0,0,172,842,1237,2016-05-01,NA,NA,NA,Sunday,7,TRUE,NA,Sedentary,172,598,0.28762541806020064,"[2.5e+03,5e+03)"
3977333714,4/12/2016,8856,5.98000001907349,5.98000001907349,0,3.05999994277954,0.910000026226044,2.00999999046326,0,44,19,131,777,1450,2016-04-12,1,274,469,Tuesday,2,FALSE,0.5842217484008528,Somewhat Active,194,663,0.29260935143288086,"[7.5e+03,1e+04)"
3977333714,4/13/2016,10035,6.71000003814697,6.71000003814697,0,2.02999997138977,2.13000011444092,2.54999995231628,0,31,46,153,754,1495,2016-04-13,2,295,456,Wednesday,3,FALSE,0.6469298245614035,Active,230,686,0.33527696793002915,"[1e+04,1.25e+04)"
3977333714,4/14/2016,7641,5.1100001335144,5.1100001335144,0,0.319999992847443,0.970000028610229,3.8199999332428,0,5,23,214,801,1433,2016-04-14,1,291,397,Thursday,4,FALSE,0.7329974811083123,Somewhat Active,242,639,0.37871674491392804,"[7.5e+03,1e+04)"
3977333714,4/15/2016,9010,6.05999994277954,6.05999994277954,0,1.04999995231628,1.75,3.25999999046326,0,15,42,183,644,1468,2016-04-15,1,424,556,Friday,5,FALSE,0.762589928057554,Somewhat Active,240,796,0.3015075376884422,"[7.5e+03,1e+04)"
3977333714,4/16/2016,13459,9,9,0,2.02999997138977,4,2.97000002861023,0,31,83,153,663,1625,2016-04-16,1,283,510,Saturday,6,TRUE,0.5549019607843138,Highly Active,267,777,0.3436293436293436,"[1.25e+04,1.5e+04)"
3977333714,4/17/2016,10415,6.96999979019165,6.96999979019165,0,0.699999988079071,2.34999990463257,3.92000007629395,0,11,58,205,600,1529,2016-04-17,1,381,566,Sunday,7,TRUE,0.6731448763250883,Active,274,840,0.3261904761904762,"[1e+04,1.25e+04)"
3977333714,4/18/2016,11663,7.80000019073486,7.80000019073486,0,0.25,3.73000001907349,3.8199999332428,0,4,95,214,605,1584,2016-04-18,2,412,522,Monday,1,FALSE,0.789272030651341,Active,313,835,0.37485029940119763,"[1e+04,1.25e+04)"
3977333714,4/19/2016,12414,8.77999973297119,8.77999973297119,0,2.24000000953674,2.45000004768372,3.96000003814697,0,19,67,221,738,1638,2016-04-19,1,219,395,Tuesday,2,FALSE,0.5544303797468354,Active,307,702,0.4373219373219373,"[1e+04,1.25e+04)"
3977333714,4/20/2016,11658,7.82999992370605,7.82999992370605,0,0.200000002980232,4.34999990463257,3.27999997138977,0,2,98,164,845,1554,2016-04-20,2,152,305,Wednesday,3,FALSE,0.49836065573770494,Active,264,595,0.4436974789915966,"[1e+04,1.25e+04)"
3977333714,4/21/2016,6093,4.07999992370605,4.07999992370605,0,0,0,4.05999994277954,0,0,0,242,712,1397,2016-04-21,1,332,512,Thursday,4,FALSE,0.6484375,Low Active,242,728,0.3324175824175824,"[5e+03,7.5e+03)"
3977333714,4/22/2016,8911,5.96000003814697,5.96000003814697,0,2.32999992370605,0.579999983310699,3.05999994277954,0,33,12,188,731,1481,2016-04-22,1,355,476,Friday,5,FALSE,0.7457983193277311,Somewhat Active,233,709,0.32863187588152326,"[7.5e+03,1e+04)"
3977333714,4/23/2016,12058,8.06999969482422,8.06999969482422,0,0,4.21999979019165,3.84999990463257,0,0,92,252,724,1638,2016-04-23,1,235,372,Saturday,6,TRUE,0.6317204301075269,Active,344,716,0.48044692737430167,"[1e+04,1.25e+04)"
3977333714,4/24/2016,14112,10,10,0,3.26999998092651,4.55999994277954,2.17000007629395,0,30,95,129,660,1655,2016-04-24,1,310,526,Sunday,7,TRUE,0.5893536121673004,Highly Active,254,780,0.32564102564102565,"[1.25e+04,1.5e+04)"
3977333714,4/25/2016,11177,8.47999954223633,8.47999954223633,0,5.61999988555908,0.430000007152557,2.41000008583069,0,50,9,133,781,1570,2016-04-25,1,262,467,Monday,1,FALSE,0.5610278372591007,Active,192,659,0.291350531107739,"[1e+04,1.25e+04)"
3977333714,4/26/2016,11388,7.61999988555908,7.61999988555908,0,0.449999988079071,4.21999979019165,2.95000004768372,0,7,95,170,797,1551,2016-04-26,1,250,371,Tuesday,2,FALSE,0.6738544474393531,Active,272,643,0.4230171073094868,"[1e+04,1.25e+04)"
3977333714,4/27/2016,7193,5.03999996185303,5.03999996185303,0,0,0.419999986886978,4.61999988555908,0,0,10,176,714,1377,2016-04-27,1,349,540,Wednesday,3,FALSE,0.6462962962962963,Low Active,186,726,0.256198347107438,"[5e+03,7.5e+03)"
3977333714,4/28/2016,7114,4.88000011444092,4.88000011444092,0,1.37000000476837,0.28999999165535,3.22000002861023,0,15,8,190,804,1407,2016-04-28,1,261,423,Thursday,4,FALSE,0.6170212765957447,Low Active,213,636,0.33490566037735847,"[5e+03,7.5e+03)"
3977333714,4/29/2016,10645,7.75,7.75,0,3.74000000953674,1.29999995231628,2.71000003814697,0,36,32,150,744,1545,2016-04-29,1,333,478,Friday,5,FALSE,0.696652719665272,Active,218,696,0.3132183908045977,"[1e+04,1.25e+04)"
3977333714,4/30/2016,13238,9.19999980926514,9.19999980926514,0,3.69000005722046,2.09999990463257,3.41000008583069,0,43,52,194,687,1650,2016-04-30,1,237,382,Saturday,6,TRUE,0.6204188481675392,Highly Active,289,753,0.3837981407702523,"[1.25e+04,1.5e+04)"
3977333714,5/1/2016,10414,7.07000017166138,7.07000017166138,0,2.67000007629395,1.98000001907349,2.41000008583069,0,41,40,124,691,1501,2016-05-01,1,383,626,Sunday,7,TRUE,0.6118210862619808,Active,205,749,0.27369826435246997,"[1e+04,1.25e+04)"
3977333714,5/2/2016,16520,11.0500001907349,11.0500001907349,0,1.53999996185303,6.48000001907349,3.01999998092651,0,24,143,176,713,1760,2016-05-02,1,230,384,Monday,1,FALSE,0.5989583333333334,Highly Active,343,727,0.4718019257221458,"[1.5e+04,1.75e+04)"
3977333714,5/3/2016,14335,9.59000015258789,9.59000015258789,0,3.3199999332428,1.74000000953674,4.53000020980835,0,47,41,258,594,1710,2016-05-03,1,292,500,Tuesday,2,FALSE,0.584,Highly Active,346,846,0.408983451536643,"[1.25e+04,1.5e+04)"
3977333714,5/4/2016,13559,9.4399995803833,9.4399995803833,0,1.80999994277954,4.57999992370605,2.89000010490417,0,14,96,142,852,1628,2016-05-04,1,213,336,Wednesday,3,FALSE,0.6339285714285714,Highly Active,252,588,0.42857142857142855,"[1.25e+04,1.5e+04)"
3977333714,5/5/2016,12312,8.57999992370605,8.57999992370605,0,1.75999999046326,4.1100001335144,2.71000003814697,0,14,88,178,680,1618,2016-05-05,1,318,480,Thursday,4,FALSE,0.6625,Active,280,760,0.3684210526315789,"[1e+04,1.25e+04)"
3977333714,5/6/2016,11677,8.27999973297119,8.27999973297119,0,3.10999989509583,2.50999999046326,2.67000007629395,0,29,55,168,676,1590,2016-05-06,1,323,512,Friday,5,FALSE,0.630859375,Active,252,764,0.3298429319371728,"[1e+04,1.25e+04)"
3977333714,5/7/2016,11550,7.73000001907349,7.73000001907349,0,0,4.13000011444092,3.58999991416931,0,0,86,208,703,1574,2016-05-07,1,237,443,Saturday,6,TRUE,0.5349887133182845,Active,294,737,0.3989145183175034,"[1e+04,1.25e+04)"
3977333714,5/8/2016,13585,9.09000015258789,9.09000015258789,0,0.680000007152557,5.23999977111816,3.17000007629395,0,9,116,171,688,1633,2016-05-08,2,259,456,Sunday,7,TRUE,0.5679824561403509,Highly Active,296,752,0.39361702127659576,"[1.25e+04,1.5e+04)"
3977333714,5/9/2016,14687,10.0799999237061,10.0799999237061,0,0.769999980926514,5.59999990463257,3.54999995231628,0,8,122,151,1159,1667,2016-05-09,NA,NA,NA,Monday,1,FALSE,NA,Highly Active,281,281,1,"[1.25e+04,1.5e+04)"
3977333714,5/10/2016,13072,8.77999973297119,8.77999973297119,0,0.0700000002980232,5.40000009536743,3.30999994277954,0,1,115,196,676,1630,2016-05-10,1,312,452,Tuesday,2,FALSE,0.6902654867256637,Highly Active,312,764,0.4083769633507853,"[1.25e+04,1.5e+04)"
3977333714,5/11/2016,746,0.5,0.5,0,0.370000004768372,0,0.129999995231628,0,4,0,9,13,52,2016-05-11,NA,NA,NA,Wednesday,3,FALSE,NA,Sedentary,13,1427,0.009110021023125438,"[0,2.5e+03)"
4020332650,4/12/2016,8539,6.11999988555908,6.11999988555908,0,0.150000005960464,0.239999994635582,5.67999982833862,0,4,15,331,712,3654,2016-04-12,1,501,541,Tuesday,2,FALSE,0.9260628465804066,Somewhat Active,350,728,0.4807692307692308,"[7.5e+03,1e+04)"
4020332650,4/13/2016,0,0,0,0,0,0,0,0,0,0,0,1440,1981,2016-04-13,NA,NA,NA,Wednesday,3,FALSE,NA,Sedentary,0,0,0,"[0,2.5e+03)"
4020332650,4/14/2016,108,0.0799999982118607,0.0799999982118607,0,0,0,0.0299999993294477,0,0,0,3,1437,2011,2016-04-14,NA,NA,NA,Thursday,4,FALSE,NA,Sedentary,3,3,1,"[0,2.5e+03)"
4020332650,4/15/2016,1882,1.35000002384186,1.35000002384186,0,0.209999993443489,0.360000014305115,0.769999980926514,0,36,18,87,1299,2951,2016-04-15,NA,NA,NA,Friday,5,FALSE,NA,Sedentary,141,141,1,"[0,2.5e+03)"
4020332650,4/16/2016,1982,1.41999995708466,1.41999995708466,0,0.449999988079071,0.370000004768372,0.589999973773956,0,65,21,55,1222,3051,2016-04-16,1,77,77,Saturday,6,TRUE,1,Sedentary,141,218,0.6467889908256881,"[0,2.5e+03)"
4020332650,4/17/2016,16,0.00999999977648258,0.00999999977648258,0,0,0,0.00999999977648258,0,0,0,2,1438,1990,2016-04-17,NA,NA,NA,Sunday,7,TRUE,NA,Sedentary,2,2,1,"[0,2.5e+03)"
4020332650,4/18/2016,62,0.0399999991059303,0.0399999991059303,0,0,0,0.0399999991059303,0,0,0,2,1438,1995,2016-04-18,NA,NA,NA,Monday,1,FALSE,NA,Sedentary,2,2,1,"[0,2.5e+03)"
4020332650,4/19/2016,0,0,0,0,0,0,0,0,0,0,0,1440,1980,2016-04-19,NA,NA,NA,Tuesday,2,FALSE,NA,Sedentary,0,0,0,"[0,2.5e+03)"
4020332650,4/20/2016,0,0,0,0,0,0,0,0,0,0,0,1440,1980,2016-04-20,NA,NA,NA,Wednesday,3,FALSE,NA,Sedentary,0,0,0,"[0,2.5e+03)"
4020332650,4/21/2016,0,0,0,0,0,0,0,0,0,0,0,1440,1980,2016-04-21,NA,NA,NA,Thursday,4,FALSE,NA,Sedentary,0,0,0,"[0,2.5e+03)"
4020332650,4/22/2016,0,0,0,0,0,0,0,0,0,0,0,1440,1980,2016-04-22,NA,NA,NA,Friday,5,FALSE,NA,Sedentary,0,0,0,"[0,2.5e+03)"
4020332650,4/23/2016,0,0,0,0,0,0,0,0,0,0,0,1440,1980,2016-04-23,NA,NA,NA,Saturday,6,TRUE,NA,Sedentary,0,0,0,"[0,2.5e+03)"
4020332650,4/24/2016,0,0,0,0,0,0,0,0,0,0,0,1440,1980,2016-04-24,NA,NA,NA,Sunday,7,TRUE,NA,Sedentary,0,0,0,"[0,2.5e+03)"
4020332650,4/25/2016,0,0,0,0,0,0,0,0,0,0,0,1440,1980,2016-04-25,NA,NA,NA,Monday,1,FALSE,NA,Sedentary,0,0,0,"[0,2.5e+03)"
4020332650,4/26/2016,0,0,0,0,0,0,0,0,0,0,0,1440,1980,2016-04-26,NA,NA,NA,Tuesday,2,FALSE,NA,Sedentary,0,0,0,"[0,2.5e+03)"
4020332650,4/27/2016,0,0,0,0,0,0,0,0,0,0,0,1440,1980,2016-04-27,NA,NA,NA,Wednesday,3,FALSE,NA,Sedentary,0,0,0,"[0,2.5e+03)"
4020332650,4/28/2016,0,0,0,0,0,0,0,0,0,0,0,1440,1980,2016-04-28,NA,NA,NA,Thursday,4,FALSE,NA,Sedentary,0,0,0,"[0,2.5e+03)"
4020332650,4/29/2016,0,0,0,0,0,0,0,0,0,0,0,1440,1980,2016-04-29,NA,NA,NA,Friday,5,FALSE,NA,Sedentary,0,0,0,"[0,2.5e+03)"
4020332650,4/30/2016,0,0,0,0,0,0,0,0,0,0,0,1440,1980,2016-04-30,NA,NA,NA,Saturday,6,TRUE,NA,Sedentary,0,0,0,"[0,2.5e+03)"
4020332650,5/1/2016,0,0,0,0,0,0,0,0,0,0,0,1440,1980,2016-05-01,NA,NA,NA,Sunday,7,TRUE,NA,Sedentary,0,0,0,"[0,2.5e+03)"
4020332650,5/2/2016,475,0.340000003576279,0.340000003576279,0,0,0.0399999991059303,0.28999999165535,0,0,11,31,1350,2207,2016-05-02,NA,NA,NA,Monday,1,FALSE,NA,Sedentary,42,90,0.4666666666666667,"[0,2.5e+03)"
4020332650,5/3/2016,4496,3.22000002861023,3.22000002861023,0,0,0,3.15000009536743,0.0500000007450581,0,0,174,950,2828,2016-05-03,1,322,332,Tuesday,2,FALSE,0.9698795180722891,Sedentary,174,490,0.3551020408163265,"[2.5e+03,5e+03)"
4020332650,5/4/2016,10252,7.34999990463257,7.34999990463257,0,0.670000016689301,1.03999996185303,5.57999992370605,0,13,46,346,531,3879,2016-05-04,1,478,536,Wednesday,3,FALSE,0.8917910447761194,Active,405,909,0.44554455445544555,"[1e+04,1.25e+04)"
4020332650,5/5/2016,11728,8.43000030517578,8.43000030517578,0,2.61999988555908,1.67999994754791,4.03999996185303,0.0700000002980232,38,42,196,916,3429,2016-05-05,1,226,248,Thursday,4,FALSE,0.9112903225806451,Active,276,524,0.5267175572519084,"[1e+04,1.25e+04)"
4020332650,5/6/2016,4369,3.13000011444092,3.13000011444092,0,0,0,3.09999990463257,0.00999999977648258,0,0,177,855,2704,2016-05-06,1,385,408,Friday,5,FALSE,0.9436274509803921,Sedentary,177,585,0.30256410256410254,"[2.5e+03,5e+03)"
4020332650,5/7/2016,6132,4.40000009536743,4.40000009536743,0,0,0,3.57999992370605,0,0,0,184,1256,2975,2016-05-07,NA,NA,NA,Saturday,6,TRUE,NA,Low Active,184,184,1,"[5e+03,7.5e+03)"
4020332650,5/8/2016,5862,4.19999980926514,4.19999980926514,0,0,0,4.15000009536743,0,0,0,263,775,3089,2016-05-08,1,364,402,Sunday,7,TRUE,0.9054726368159204,Low Active,263,665,0.3954887218045113,"[5e+03,7.5e+03)"
4020332650,5/9/2016,4556,3.26999998092651,3.26999998092651,0,0.200000002980232,0.119999997317791,2.94000005722046,0,3,5,173,1225,2785,2016-05-09,NA,NA,NA,Monday,1,FALSE,NA,Sedentary,181,215,0.8418604651162791,"[2.5e+03,5e+03)"
4020332650,5/10/2016,5546,3.98000001907349,3.98000001907349,0,0,0,3.86999988555908,0.0399999991059303,0,0,206,774,2926,2016-05-10,1,442,494,Tuesday,2,FALSE,0.8947368421052632,Low Active,206,666,0.30930930930930933,"[5e+03,7.5e+03)"
4020332650,5/11/2016,3689,2.65000009536743,2.65000009536743,0,0.109999999403954,0.170000001788139,2.32999992370605,0,2,8,134,1296,2645,2016-05-11,NA,NA,NA,Wednesday,3,FALSE,NA,Sedentary,144,144,1,"[2.5e+03,5e+03)"
4020332650,5/12/2016,590,0.419999986886978,0.419999986886978,0,0,0,0.409999996423721,0,0,0,21,721,1120,2016-05-12,NA,NA,NA,Thursday,4,FALSE,NA,Sedentary,21,719,0.02920723226703755,"[0,2.5e+03)"
4057192912,4/12/2016,5394,4.03000020980835,4.03000020980835,0,0,0,3.94000005722046,0,0,0,164,1276,2286,2016-04-12,NA,NA,NA,Tuesday,2,FALSE,NA,Low Active,164,164,1,"[5e+03,7.5e+03)"
4057192912,4/13/2016,5974,4.46999979019165,4.46999979019165,0,0,0,4.36999988555908,0,0,0,160,1280,2306,2016-04-13,NA,NA,NA,Wednesday,3,FALSE,NA,Low Active,160,160,1,"[5e+03,7.5e+03)"
4057192912,4/14/2016,0,0,0,0,0,0,0,0,0,0,0,1440,1776,2016-04-14,NA,NA,NA,Thursday,4,FALSE,NA,Sedentary,0,0,0,"[0,2.5e+03)"
4057192912,4/15/2016,3984,2.95000004768372,2.95000004768372,0,0.209999993443489,0.259999990463257,2.44000005722046,0,3,6,88,873,1527,2016-04-15,NA,NA,NA,Friday,5,FALSE,NA,Sedentary,97,567,0.1710758377425044,"[2.5e+03,5e+03)"
4319703577,4/12/2016,7753,5.19999980926514,5.19999980926514,0,0,0,0,0,0,0,0,1440,2115,2016-04-12,NA,NA,NA,Tuesday,2,FALSE,NA,Somewhat Active,0,0,0,"[7.5e+03,1e+04)"
4319703577,4/13/2016,8204,5.5,5.5,0,0.529999971389771,0.589999973773956,1.30999994277954,0,8,15,96,1234,2135,2016-04-13,NA,NA,NA,Wednesday,3,FALSE,NA,Somewhat Active,119,206,0.5776699029126213,"[7.5e+03,1e+04)"
4319703577,4/14/2016,10210,6.88000011444092,6.88000011444092,0,0.109999999403954,0.330000013113022,6.44000005722046,0,1,9,339,589,2302,2016-04-14,1,535,557,Thursday,4,FALSE,0.9605026929982047,Active,349,851,0.4101057579318449,"[1e+04,1.25e+04)"
4319703577,4/15/2016,5664,3.79999995231628,3.79999995231628,0,0,0,3.79999995231628,0,0,0,228,752,1985,2016-04-15,1,465,491,Friday,5,FALSE,0.9470468431771895,Low Active,228,688,0.3313953488372093,"[5e+03,7.5e+03)"
4319703577,4/16/2016,4744,3.1800000667572,3.1800000667572,0,0,0,3.1800000667572,0,0,0,194,724,1884,2016-04-16,1,506,522,Saturday,6,TRUE,0.9693486590038314,Sedentary,194,716,0.2709497206703911,"[2.5e+03,5e+03)"
4319703577,4/17/2016,29,0.0199999995529652,0.0199999995529652,0,0,0,0.0199999995529652,0,0,0,3,1363,1464,2016-04-17,NA,NA,NA,Sunday,7,TRUE,NA,Sedentary,3,77,0.03896103896103896,"[0,2.5e+03)"
4319703577,4/18/2016,2276,1.54999995231628,1.54999995231628,0,0.0700000002980232,0.330000013113022,1.12000000476837,0,1,9,58,824,1632,2016-04-18,1,515,551,Monday,1,FALSE,0.9346642468239564,Sedentary,68,616,0.11038961038961038,"[0,2.5e+03)"
4319703577,4/19/2016,8925,5.98999977111816,5.98999977111816,0,0,0,5.98999977111816,0,0,0,311,604,2200,2016-04-19,2,461,498,Tuesday,2,FALSE,0.9257028112449799,Somewhat Active,311,836,0.37200956937799046,"[7.5e+03,1e+04)"
4319703577,4/20/2016,8954,6.01000022888184,6.01000022888184,0,0,0.680000007152557,5.30999994277954,0,0,18,306,671,2220,2016-04-20,1,523,543,Wednesday,3,FALSE,0.9631675874769797,Somewhat Active,324,769,0.4213263979193758,"[7.5e+03,1e+04)"
4319703577,4/21/2016,3702,2.48000001907349,2.48000001907349,0,0,0,0.349999994039536,0,0,0,34,1265,1792,2016-04-21,1,59,65,Thursday,4,FALSE,0.9076923076923077,Sedentary,34,175,0.19428571428571428,"[2.5e+03,5e+03)"
4319703577,4/22/2016,4500,3.01999998092651,3.01999998092651,0,0.0599999986588955,0.810000002384186,2.15000009536743,0,1,19,176,709,1886,2016-04-22,1,533,550,Friday,5,FALSE,0.9690909090909091,Sedentary,196,731,0.26812585499316005,"[2.5e+03,5e+03)"
4319703577,4/23/2016,4935,3.30999994277954,3.30999994277954,0,0,0,3.30999994277954,0,0,0,233,546,1945,2016-04-23,1,692,722,Saturday,6,TRUE,0.9584487534626038,Sedentary,233,894,0.2606263982102908,"[2.5e+03,5e+03)"
4319703577,4/24/2016,4081,2.74000000953674,2.74000000953674,0,0.0599999986588955,0.200000002980232,2.47000002861023,0,1,5,191,692,1880,2016-04-24,1,467,501,Sunday,7,TRUE,0.9321357285429142,Sedentary,197,748,0.26336898395721925,"[2.5e+03,5e+03)"
4319703577,4/25/2016,9259,6.21000003814697,6.21000003814697,0,0,0.280000001192093,5.92999982833862,0,0,8,390,544,2314,2016-04-25,1,488,506,Monday,1,FALSE,0.9644268774703557,Somewhat Active,398,896,0.44419642857142855,"[7.5e+03,1e+04)"
4319703577,4/26/2016,9899,6.6399998664856,6.6399998664856,0,0.569999992847443,0.920000016689301,5.15000009536743,0,8,21,288,649,2236,2016-04-26,1,505,516,Tuesday,2,FALSE,0.9786821705426356,Somewhat Active,317,791,0.40075853350189633,"[7.5e+03,1e+04)"
4319703577,4/27/2016,10780,7.23000001907349,7.23000001907349,0,0.409999996423721,1.91999995708466,4.90999984741211,0,6,47,300,680,2324,2016-04-27,1,286,307,Wednesday,3,FALSE,0.9315960912052117,Active,353,760,0.4644736842105263,"[1e+04,1.25e+04)"
4319703577,4/28/2016,10817,7.28000020980835,7.28000020980835,0,1.00999999046326,0.330000013113022,5.94000005722046,0,13,8,359,552,2367,2016-04-28,1,497,522,Thursday,4,FALSE,0.9521072796934866,Active,380,888,0.42792792792792794,"[1e+04,1.25e+04)"
4319703577,4/29/2016,7990,5.3600001335144,5.3600001335144,0,0.449999988079071,0.790000021457672,4.11999988555908,0,6,18,289,624,2175,2016-04-29,1,523,546,Friday,5,FALSE,0.9578754578754579,Somewhat Active,313,816,0.38357843137254904,"[7.5e+03,1e+04)"
4319703577,4/30/2016,8221,5.51999998092651,5.51999998092651,0,0.400000005960464,1.61000001430511,3.50999999046326,0,6,38,196,695,2092,2016-04-30,1,490,516,Saturday,6,TRUE,0.9496124031007752,Somewhat Active,240,745,0.3221476510067114,"[7.5e+03,1e+04)"
4319703577,5/1/2016,1251,0.839999973773956,0.839999973773956,0,0,0,0.839999973773956,0,0,0,67,836,1593,2016-05-01,1,484,500,Sunday,7,TRUE,0.968,Sedentary,67,604,0.11092715231788079,"[0,2.5e+03)"
4319703577,5/2/2016,9261,6.23999977111816,6.23999977111816,0,0,0.439999997615814,5.71000003814697,0,0,11,344,585,2270,2016-05-02,1,478,506,Monday,1,FALSE,0.9446640316205533,Somewhat Active,355,855,0.4152046783625731,"[7.5e+03,1e+04)"
4319703577,5/3/2016,9648,6.46999979019165,6.46999979019165,0,0.579999983310699,1.07000005245209,4.82999992370605,0,8,26,287,669,2235,2016-05-03,1,474,512,Tuesday,2,FALSE,0.92578125,Somewhat Active,321,771,0.4163424124513619,"[7.5e+03,1e+04)"
4319703577,5/4/2016,10429,7.01999998092651,7.01999998092651,0,0.589999973773956,0.579999983310699,5.84999990463257,0,8,13,313,1106,2282,2016-05-04,NA,NA,NA,Wednesday,3,FALSE,NA,Active,334,334,1,"[1e+04,1.25e+04)"
4319703577,5/5/2016,13658,9.48999977111816,9.48999977111816,0,2.63000011444092,1.4099999666214,5.44999980926514,0,27,34,328,957,2530,2016-05-05,NA,NA,NA,Thursday,4,FALSE,NA,Highly Active,389,483,0.8053830227743272,"[1.25e+04,1.5e+04)"
4319703577,5/6/2016,9524,6.42000007629395,6.42000007629395,0,0.409999996423721,0.469999998807907,5.46000003814697,0,6,11,314,692,2266,2016-05-06,1,450,491,Friday,5,FALSE,0.9164969450101833,Somewhat Active,331,748,0.4425133689839572,"[7.5e+03,1e+04)"
4319703577,5/7/2016,7937,5.32999992370605,5.32999992370605,0,0.189999997615814,1.04999995231628,4.07999992370605,0,3,28,279,586,2158,2016-05-07,1,507,530,Saturday,6,TRUE,0.9566037735849057,Somewhat Active,310,854,0.3629976580796253,"[7.5e+03,1e+04)"
4319703577,5/8/2016,3672,2.46000003814697,2.46000003814697,0,0,0,2.46000003814697,0,0,0,153,603,1792,2016-05-08,1,602,638,Sunday,7,TRUE,0.9435736677115988,Sedentary,153,837,0.1827956989247312,"[2.5e+03,5e+03)"
4319703577,5/9/2016,10378,6.96000003814697,6.96000003814697,0,0.140000000596046,0.560000002384186,6.25,0,2,14,374,490,2345,2016-05-09,1,535,565,Monday,1,FALSE,0.9469026548672567,Active,390,950,0.4105263157894737,"[1e+04,1.25e+04)"
4319703577,5/10/2016,9487,6.36999988555908,6.36999988555908,0,0.209999993443489,0.46000000834465,5.69999980926514,0,3,12,329,555,2260,2016-05-10,1,487,517,Tuesday,2,FALSE,0.941972920696325,Somewhat Active,344,885,0.38870056497175143,"[7.5e+03,1e+04)"
4319703577,5/11/2016,9129,6.13000011444092,6.13000011444092,0,0.200000002980232,0.740000009536743,5.17999982833862,0,3,18,311,574,2232,2016-05-11,1,529,558,Wednesday,3,FALSE,0.9480286738351255,Somewhat Active,332,866,0.3833718244803695,"[7.5e+03,1e+04)"
4319703577,5/12/2016,17,0.00999999977648258,0.00999999977648258,0,0,0,0.00999999977648258,0,0,0,2,0,257,2016-05-12,1,302,321,Thursday,4,FALSE,0.940809968847352,Sedentary,2,1440,0.001388888888888889,"[0,2.5e+03)"
4388161847,4/12/2016,10122,7.78000020980835,7.78000020980835,0,0,0,0,0,0,0,0,1440,2955,2016-04-12,NA,NA,NA,Tuesday,2,FALSE,NA,Active,0,0,0,"[1e+04,1.25e+04)"
4388161847,4/13/2016,10993,8.44999980926514,8.44999980926514,0,0.0599999986588955,0.629999995231628,3.88000011444092,0,1,14,150,1275,3092,2016-04-13,NA,NA,NA,Wednesday,3,FALSE,NA,Active,165,165,1,"[1e+04,1.25e+04)"
4388161847,4/14/2016,8863,6.82000017166138,6.82000017166138,0,0.129999995231628,1.07000005245209,5.61999988555908,0,10,35,219,945,2998,2016-04-14,NA,NA,NA,Thursday,4,FALSE,NA,Somewhat Active,264,495,0.5333333333333333,"[7.5e+03,1e+04)"
4388161847,4/15/2016,8758,6.73000001907349,6.73000001907349,0,0,0,6.73000001907349,0,0,0,299,837,3066,2016-04-15,1,499,526,Friday,5,FALSE,0.9486692015209125,Somewhat Active,299,603,0.49585406301824214,"[7.5e+03,1e+04)"
4388161847,4/16/2016,6580,5.05999994277954,5.05999994277954,0,0.209999993443489,0.400000005960464,4.44999980926514,0,6,9,253,609,3073,2016-04-16,2,426,448,Saturday,6,TRUE,0.9508928571428571,Low Active,268,831,0.32250300842358604,"[5e+03,7.5e+03)"
4388161847,4/17/2016,4660,3.57999992370605,3.57999992370605,0,0,0,3.57999992370605,0,0,0,201,721,2572,2016-04-17,2,619,641,Sunday,7,TRUE,0.9656786271450858,Sedentary,201,719,0.2795549374130737,"[2.5e+03,5e+03)"
4388161847,4/18/2016,11009,9.10000038146973,9.10000038146973,0,3.55999994277954,0.400000005960464,5.1399998664856,0,27,8,239,1017,3274,2016-04-18,1,99,104,Monday,1,FALSE,0.9519230769230769,Active,274,423,0.6477541371158393,"[1e+04,1.25e+04)"
4388161847,4/19/2016,10181,7.82999992370605,7.82999992370605,0,1.37000000476837,0.689999997615814,5.76999998092651,0,20,16,249,704,3015,2016-04-19,1,329,338,Tuesday,2,FALSE,0.9733727810650887,Active,285,736,0.38722826086956524,"[1e+04,1.25e+04)"
4388161847,4/20/2016,10553,8.11999988555908,8.11999988555908,0,1.10000002384186,1.72000002861023,5.28999996185303,0,19,42,228,696,3083,2016-04-20,1,421,451,Wednesday,3,FALSE,0.9334811529933481,Active,289,744,0.38844086021505375,"[1e+04,1.25e+04)"
4388161847,4/21/2016,10055,7.73000001907349,7.73000001907349,0,0.370000004768372,0.389999985694885,6.98000001907349,0,7,12,272,853,3069,2016-04-21,1,442,458,Thursday,4,FALSE,0.9650655021834061,Active,291,587,0.4957410562180579,"[1e+04,1.25e+04)"
4388161847,4/22/2016,12139,9.34000015258789,9.34000015258789,0,3.29999995231628,1.11000001430511,4.92000007629395,0,77,25,220,945,3544,2016-04-22,1,82,85,Friday,5,FALSE,0.9647058823529412,Active,322,495,0.6505050505050505,"[1e+04,1.25e+04)"
4388161847,4/23/2016,13236,10.1800003051758,10.1800003051758,0,4.5,0.319999992847443,5.34999990463257,0,58,5,215,749,3306,2016-04-23,1,478,501,Saturday,6,TRUE,0.9540918163672655,Highly Active,278,691,0.402315484804631,"[1.25e+04,1.5e+04)"
4388161847,4/24/2016,10243,7.88000011444092,7.88000011444092,0,1.08000004291534,0.509999990463257,6.30000019073486,0,14,8,239,584,2885,2016-04-24,3,552,595,Sunday,7,TRUE,0.9277310924369748,Active,261,856,0.30490654205607476,"[1e+04,1.25e+04)"
4388161847,4/25/2016,12961,9.97000026702881,9.97000026702881,0,0.730000019073486,1.39999997615814,7.84000015258789,0,11,31,301,1054,3288,2016-04-25,NA,NA,NA,Monday,1,FALSE,NA,Highly Active,343,386,0.8886010362694301,"[1.25e+04,1.5e+04)"
4388161847,4/26/2016,9461,7.28000020980835,7.28000020980835,0,0.939999997615814,1.05999994277954,5.26999998092651,0,14,23,224,673,2929,2016-04-26,1,319,346,Tuesday,2,FALSE,0.9219653179190751,Somewhat Active,261,767,0.34028683181225555,"[7.5e+03,1e+04)"
4388161847,4/27/2016,11193,8.60999965667725,8.60999965667725,0,0.699999988079071,2.50999999046326,5.3899998664856,0,11,48,241,684,3074,2016-04-27,1,439,500,Wednesday,3,FALSE,0.878,Active,300,756,0.3968253968253968,"[1e+04,1.25e+04)"
4388161847,4/28/2016,10074,7.75,7.75,0,1.28999996185303,0.430000007152557,6.03000020980835,0,19,9,234,878,2969,2016-04-28,1,428,458,Thursday,4,FALSE,0.9344978165938864,Active,262,562,0.46619217081850534,"[1e+04,1.25e+04)"
4388161847,4/29/2016,9232,7.09999990463257,7.09999990463257,0,0.800000011920929,0.889999985694885,5.42000007629395,0,13,16,236,1175,2979,2016-04-29,NA,NA,NA,Friday,5,FALSE,NA,Somewhat Active,265,265,1,"[7.5e+03,1e+04)"
4388161847,4/30/2016,12533,9.64000034332275,9.64000034332275,0,0.699999988079071,2,6.94000005722046,0,14,43,300,537,3283,2016-04-30,2,409,430,Saturday,6,TRUE,0.9511627906976744,Highly Active,357,903,0.3953488372093023,"[1.25e+04,1.5e+04)"
4388161847,5/1/2016,10255,7.8899998664856,7.8899998664856,0,1.00999999046326,0.680000007152557,6.19999980926514,0,12,15,241,579,2926,2016-05-01,1,547,597,Sunday,7,TRUE,0.916247906197655,Active,268,861,0.31126596980255516,"[1e+04,1.25e+04)"
4388161847,5/2/2016,10096,8.39999961853027,8.39999961853027,0,3.76999998092651,0.0799999982118607,4.55000019073486,0,33,4,204,935,3147,2016-05-02,2,368,376,Monday,1,FALSE,0.9787234042553191,Active,241,505,0.4772277227722772,"[1e+04,1.25e+04)"
4388161847,5/3/2016,12727,9.78999996185303,9.78999996185303,0,1.12999999523163,0.779999971389771,7.88000011444092,0,18,18,306,984,3290,2016-05-03,NA,NA,NA,Tuesday,2,FALSE,NA,Highly Active,342,456,0.75,"[1.25e+04,1.5e+04)"
4388161847,5/4/2016,12375,9.52000045776367,9.52000045776367,0,2.78999996185303,0.930000007152557,5.80000019073486,0,35,21,251,632,3162,2016-05-04,1,390,414,Wednesday,3,FALSE,0.9420289855072463,Active,307,808,0.37995049504950495,"[1e+04,1.25e+04)"
4388161847,5/5/2016,9603,7.38000011444092,7.38000011444092,0,0.629999995231628,1.66999995708466,5.09000015258789,0,12,39,199,896,2899,2016-05-05,2,942,990,Thursday,4,FALSE,0.9515151515151515,Somewhat Active,250,544,0.45955882352941174,"[7.5e+03,1e+04)"
4388161847,5/6/2016,13175,10.1300001144409,10.1300001144409,0,2.10999989509583,2.08999991416931,5.92999982833862,0,33,45,262,1100,3425,2016-05-06,NA,NA,NA,Friday,5,FALSE,NA,Highly Active,340,340,1,"[1.25e+04,1.5e+04)"
4388161847,5/7/2016,22770,17.5400009155273,17.5400009155273,0,9.44999980926514,2.76999998092651,5.32999992370605,0,120,56,260,508,4022,2016-05-07,1,472,496,Saturday,6,TRUE,0.9516129032258065,Highly Active,436,932,0.4678111587982833,"[2.25e+04,2.5e+04)"
4388161847,5/8/2016,17298,14.3800001144409,14.3800001144409,0,9.89000034332275,1.25999999046326,3.23000001907349,0,107,38,178,576,3934,2016-05-08,2,529,541,Sunday,7,TRUE,0.977818853974122,Highly Active,323,864,0.3738425925925926,"[1.5e+04,1.75e+04)"
4388161847,5/9/2016,10218,7.8600001335144,7.8600001335144,0,0.340000003576279,0.730000019073486,6.78999996185303,0,6,19,258,1020,3013,2016-05-09,1,62,65,Monday,1,FALSE,0.9538461538461539,Active,283,420,0.6738095238095239,"[1e+04,1.25e+04)"
4388161847,5/10/2016,10299,7.92000007629395,7.92000007629395,0,0.810000002384186,0.649999976158142,6.46000003814697,0,13,14,267,648,3061,2016-05-10,1,354,375,Tuesday,2,FALSE,0.944,Active,294,792,0.3712121212121212,"[1e+04,1.25e+04)"
4388161847,5/11/2016,10201,7.84000015258789,7.84000015258789,0,0.529999971389771,0.790000021457672,6.53000020980835,0,8,18,256,858,2954,2016-05-11,1,469,494,Wednesday,3,FALSE,0.9493927125506073,Active,282,582,0.4845360824742268,"[1e+04,1.25e+04)"
4388161847,5/12/2016,3369,2.58999991416931,2.58999991416931,0,0,0,2.58999991416931,0,0,0,108,825,1623,2016-05-12,NA,NA,NA,Thursday,4,FALSE,NA,Sedentary,108,615,0.17560975609756097,"[2.5e+03,5e+03)"
4445114986,4/12/2016,3276,2.20000004768372,2.20000004768372,0,0,0,2.20000004768372,0,0,0,196,787,2113,2016-04-12,2,429,457,Tuesday,2,FALSE,0.9387308533916849,Sedentary,196,653,0.3001531393568147,"[2.5e+03,5e+03)"
4445114986,4/13/2016,2961,1.99000000953674,1.99000000953674,0,0,0,1.99000000953674,0,0,0,194,840,2095,2016-04-13,2,370,406,Wednesday,3,FALSE,0.9113300492610837,Sedentary,194,600,0.3233333333333333,"[2.5e+03,5e+03)"
4445114986,4/14/2016,3974,2.67000007629395,2.67000007629395,0,0,0,2.67000007629395,0,0,0,231,717,2194,2016-04-14,1,441,492,Thursday,4,FALSE,0.8963414634146342,Sedentary,231,723,0.31950207468879666,"[2.5e+03,5e+03)"
4445114986,4/15/2016,7198,4.82999992370605,4.82999992370605,0,0,0,4.82999992370605,0,0,0,350,711,2496,2016-04-15,2,337,379,Friday,5,FALSE,0.8891820580474934,Low Active,350,729,0.48010973936899864,"[5e+03,7.5e+03)"
4445114986,4/16/2016,3945,2.65000009536743,2.65000009536743,0,0,0,2.65000009536743,0,0,0,225,716,2180,2016-04-16,1,462,499,Saturday,6,TRUE,0.9258517034068137,Sedentary,225,724,0.31077348066298344,"[2.5e+03,5e+03)"
4445114986,4/17/2016,2268,1.51999998092651,1.51999998092651,0,0,0,1.51999998092651,0,0,0,114,1219,1933,2016-04-17,1,98,107,Sunday,7,TRUE,0.9158878504672897,Sedentary,114,221,0.5158371040723982,"[0,2.5e+03)"
4445114986,4/18/2016,6155,4.23999977111816,4.23999977111816,0,2,0.28999999165535,1.95000004768372,0,25,6,162,1247,2248,2016-04-18,NA,NA,NA,Monday,1,FALSE,NA,Low Active,193,193,1,"[5e+03,7.5e+03)"
4445114986,4/19/2016,2064,1.38999998569489,1.38999998569489,0,0,0,1.38999998569489,0,0,0,121,895,1954,2016-04-19,2,388,424,Tuesday,2,FALSE,0.9150943396226415,Sedentary,121,545,0.22201834862385322,"[0,2.5e+03)"
4445114986,4/20/2016,2072,1.38999998569489,1.38999998569489,0,0,0,1.38999998569489,0,0,0,137,841,1974,2016-04-20,1,439,462,Wednesday,3,FALSE,0.9502164502164502,Sedentary,137,599,0.2287145242070117,"[0,2.5e+03)"
4445114986,4/21/2016,3809,2.55999994277954,2.55999994277954,0,0,0,2.53999996185303,0,0,0,215,756,2150,2016-04-21,1,436,469,Thursday,4,FALSE,0.929637526652452,Sedentary,215,684,0.31432748538011696,"[2.5e+03,5e+03)"
4445114986,4/22/2016,6831,4.57999992370605,4.57999992370605,0,0,0,4.57999992370605,0,0,0,317,706,2432,2016-04-22,1,388,417,Friday,5,FALSE,0.9304556354916067,Low Active,317,734,0.4318801089918256,"[5e+03,7.5e+03)"
4445114986,4/23/2016,4363,2.9300000667572,2.9300000667572,0,0,0,2.9300000667572,0,0,0,201,1239,2149,2016-04-23,NA,NA,NA,Saturday,6,TRUE,NA,Sedentary,201,201,1,"[2.5e+03,5e+03)"
4445114986,4/24/2016,5002,3.35999989509583,3.35999989509583,0,0,0,3.35999989509583,0,0,0,244,1196,2247,2016-04-24,NA,NA,NA,Sunday,7,TRUE,NA,Low Active,244,244,1,"[5e+03,7.5e+03)"
4445114986,4/25/2016,3385,2.26999998092651,2.26999998092651,0,0,0,2.26999998092651,0,0,0,179,916,2070,2016-04-25,1,328,345,Monday,1,FALSE,0.9507246376811594,Sedentary,179,524,0.3416030534351145,"[2.5e+03,5e+03)"
4445114986,4/26/2016,6326,4.40999984741211,4.40999984741211,0,2.41000008583069,0.0399999991059303,1.96000003814697,0,29,1,180,839,2291,2016-04-26,2,353,391,Tuesday,2,FALSE,0.9028132992327366,Low Active,210,601,0.34941763727121466,"[5e+03,7.5e+03)"
4445114986,4/27/2016,7243,5.03000020980835,5.03000020980835,0,2.61999988555908,0.0299999993294477,2.38000011444092,0,32,1,194,839,2361,2016-04-27,1,332,374,Wednesday,3,FALSE,0.8877005347593583,Low Active,227,601,0.3777038269550749,"[5e+03,7.5e+03)"
4445114986,4/28/2016,4493,3.00999999046326,3.00999999046326,0,0,0,3.00999999046326,0,0,0,236,762,2203,2016-04-28,1,419,442,Thursday,4,FALSE,0.9479638009049773,Sedentary,236,678,0.3480825958702065,"[2.5e+03,5e+03)"
4445114986,4/29/2016,4676,3.14000010490417,3.14000010490417,0,0,0,3.13000011444092,0,0,0,226,1106,2196,2016-04-29,1,106,108,Friday,5,FALSE,0.9814814814814815,Sedentary,226,334,0.6766467065868264,"[2.5e+03,5e+03)"
4445114986,4/30/2016,6222,4.17999982833862,4.17999982833862,0,0,0,4.17999982833862,0,0,0,290,797,2363,2016-04-30,1,322,353,Saturday,6,TRUE,0.9121813031161473,Low Active,290,643,0.4510108864696734,"[5e+03,7.5e+03)"
4445114986,5/1/2016,5232,3.50999999046326,3.50999999046326,0,0,0,3.50999999046326,0,0,0,240,741,2246,2016-05-01,2,439,459,Sunday,7,TRUE,0.9564270152505446,Low Active,240,699,0.34334763948497854,"[5e+03,7.5e+03)"
4445114986,5/2/2016,6910,4.75,4.75,0,2.21000003814697,0.189999997615814,2.34999990463257,0,27,4,200,667,2336,2016-05-02,1,502,542,Monday,1,FALSE,0.9261992619926199,Low Active,231,773,0.2988357050452781,"[5e+03,7.5e+03)"
4445114986,5/3/2016,7502,5.17999982833862,5.17999982833862,0,2.48000001907349,0.109999999403954,2.57999992370605,0,30,2,233,725,2421,2016-05-03,2,417,450,Tuesday,2,FALSE,0.9266666666666666,Somewhat Active,265,715,0.3706293706293706,"[7.5e+03,1e+04)"
4445114986,5/4/2016,2923,1.96000003814697,1.96000003814697,0,0,0,1.96000003814697,0,0,0,180,897,2070,2016-05-04,2,337,363,Wednesday,3,FALSE,0.928374655647383,Sedentary,180,543,0.3314917127071823,"[2.5e+03,5e+03)"
4445114986,5/5/2016,3800,2.54999995231628,2.54999995231628,0,0.119999997317791,0.239999994635582,2.1800000667572,0,2,6,185,734,2120,2016-05-05,2,462,513,Thursday,4,FALSE,0.9005847953216374,Sedentary,193,706,0.273371104815864,"[2.5e+03,5e+03)"
4445114986,5/6/2016,4514,3.02999997138977,3.02999997138977,0,0,0,3.02999997138977,0,0,0,229,809,2211,2016-05-06,2,374,402,Friday,5,FALSE,0.9303482587064676,Sedentary,229,631,0.3629160063391442,"[2.5e+03,5e+03)"
4445114986,5/7/2016,5183,3.58999991416931,3.58999991416931,0,2.13000011444092,0.189999997615814,1.25,0,26,4,108,866,2123,2016-05-07,2,401,436,Saturday,6,TRUE,0.9197247706422018,Low Active,138,574,0.24041811846689895,"[5e+03,7.5e+03)"
4445114986,5/8/2016,7303,4.90000009536743,4.90000009536743,0,0,0.25,4.65000009536743,0,0,8,308,733,2423,2016-05-08,1,361,391,Sunday,7,TRUE,0.9232736572890026,Low Active,316,707,0.44695898161244696,"[5e+03,7.5e+03)"
4445114986,5/9/2016,5275,3.53999996185303,3.53999996185303,0,0,0,3.53999996185303,0,0,0,266,641,2281,2016-05-09,1,457,533,Monday,1,FALSE,0.8574108818011257,Low Active,266,799,0.33291614518147683,"[5e+03,7.5e+03)"
4445114986,5/10/2016,3915,2.63000011444092,2.63000011444092,0,0,0,2.63000011444092,0,0,0,231,783,2181,2016-05-10,1,405,426,Tuesday,2,FALSE,0.9507042253521126,Sedentary,231,657,0.3515981735159817,"[2.5e+03,5e+03)"
4445114986,5/11/2016,9105,6.1100001335144,6.1100001335144,0,2.25,1,2.85999989509583,0,34,22,232,622,2499,2016-05-11,1,499,530,Wednesday,3,FALSE,0.9415094339622642,Somewhat Active,288,818,0.35207823960880197,"[7.5e+03,1e+04)"
4445114986,5/12/2016,768,0.519999980926514,0.519999980926514,0,0,0,0.519999980926514,0,0,0,58,380,1212,2016-05-12,1,483,501,Thursday,4,FALSE,0.9640718562874252,Sedentary,58,1060,0.05471698113207547,"[0,2.5e+03)"
4558609924,4/12/2016,5135,3.39000010490417,3.39000010490417,0,0,0,3.39000010490417,0,0,0,318,1122,1909,2016-04-12,NA,NA,NA,Tuesday,2,FALSE,NA,Low Active,318,318,1,"[5e+03,7.5e+03)"
4558609924,4/13/2016,4978,3.28999996185303,3.28999996185303,0,1.24000000953674,0.439999997615814,1.61000001430511,0,19,7,127,1287,1722,2016-04-13,NA,NA,NA,Wednesday,3,FALSE,NA,Sedentary,153,153,1,"[2.5e+03,5e+03)"
4558609924,4/14/2016,6799,4.48999977111816,4.48999977111816,0,0,0,4.48999977111816,0,0,0,279,1161,1922,2016-04-14,NA,NA,NA,Thursday,4,FALSE,NA,Low Active,279,279,1,"[5e+03,7.5e+03)"
4558609924,4/15/2016,7795,5.15000009536743,5.15000009536743,0,0.589999973773956,0.839999973773956,3.73000001907349,0,17,30,262,1131,2121,2016-04-15,NA,NA,NA,Friday,5,FALSE,NA,Somewhat Active,309,309,1,"[7.5e+03,1e+04)"
4558609924,4/16/2016,7289,4.82000017166138,4.82000017166138,0,0.550000011920929,0.75,3.5,0,8,12,308,1112,1997,2016-04-16,NA,NA,NA,Saturday,6,TRUE,NA,Low Active,328,328,1,"[5e+03,7.5e+03)"
4558609924,4/17/2016,9634,6.40000009536743,6.40000009536743,0,0.550000011920929,1.13999998569489,4.71000003814697,0,7,19,304,1110,2117,2016-04-17,NA,NA,NA,Sunday,7,TRUE,NA,Somewhat Active,330,330,1,"[7.5e+03,1e+04)"
4558609924,4/18/2016,8940,5.90999984741211,5.90999984741211,0,0.980000019073486,0.930000007152557,4,0,14,15,331,1080,2116,2016-04-18,NA,NA,NA,Monday,1,FALSE,NA,Somewhat Active,360,360,1,"[7.5e+03,1e+04)"
4558609924,4/19/2016,5401,3.5699999332428,3.5699999332428,0,0.0500000007450581,0.360000014305115,3.16000008583069,0,1,9,248,1182,1876,2016-04-19,NA,NA,NA,Tuesday,2,FALSE,NA,Low Active,258,258,1,"[5e+03,7.5e+03)"
4558609924,4/20/2016,4803,3.17000007629395,3.17000007629395,0,0,0,3.17000007629395,0,0,0,222,1218,1788,2016-04-20,NA,NA,NA,Wednesday,3,FALSE,NA,Sedentary,222,222,1,"[2.5e+03,5e+03)"
4558609924,4/21/2016,13743,9.07999992370605,9.07999992370605,0,0.419999986886978,0.970000028610229,7.69999980926514,0,6,21,432,844,2486,2016-04-21,1,126,137,Thursday,4,FALSE,0.9197080291970803,Highly Active,459,596,0.7701342281879194,"[1.25e+04,1.5e+04)"
4558609924,4/22/2016,9601,6.34999990463257,6.34999990463257,0,1.37000000476837,1.5,3.47000002861023,0,20,25,273,1122,2094,2016-04-22,NA,NA,NA,Friday,5,FALSE,NA,Somewhat Active,318,318,1,"[7.5e+03,1e+04)"
4558609924,4/23/2016,6890,4.55000019073486,4.55000019073486,0,0.340000003576279,0.200000002980232,4.01000022888184,0,5,5,308,1122,2085,2016-04-23,NA,NA,NA,Saturday,6,TRUE,NA,Low Active,318,318,1,"[5e+03,7.5e+03)"
4558609924,4/24/2016,8563,5.65999984741211,5.65999984741211,0,0,0,5.65000009536743,0,0,0,395,1045,2173,2016-04-24,NA,NA,NA,Sunday,7,TRUE,NA,Somewhat Active,395,395,1,"[7.5e+03,1e+04)"
4558609924,4/25/2016,8095,5.34999990463257,5.34999990463257,0,0.589999973773956,0.25,4.51000022888184,0,18,10,340,993,2225,2016-04-25,NA,NA,NA,Monday,1,FALSE,NA,Somewhat Active,368,447,0.8232662192393736,"[7.5e+03,1e+04)"
4558609924,4/26/2016,9148,6.05000019073486,6.05000019073486,0,0.430000007152557,2.02999997138977,3.58999991416931,0,12,41,283,1062,2223,2016-04-26,1,103,121,Tuesday,2,FALSE,0.8512396694214877,Somewhat Active,336,378,0.8888888888888888,"[7.5e+03,1e+04)"
4558609924,4/27/2016,9557,6.32000017166138,6.32000017166138,0,1.96000003814697,0.889999985694885,3.46000003814697,0,27,14,312,1087,2098,2016-04-27,NA,NA,NA,Wednesday,3,FALSE,NA,Somewhat Active,353,353,1,"[7.5e+03,1e+04)"
4558609924,4/28/2016,9451,6.25,6.25,0,0.0199999995529652,0.270000010728836,5.94999980926514,0,1,11,367,985,2185,2016-04-28,NA,NA,NA,Thursday,4,FALSE,NA,Somewhat Active,379,455,0.832967032967033,"[7.5e+03,1e+04)"
4558609924,4/29/2016,7833,5.17999982833862,5.17999982833862,0,1.01999998092651,1.85000002384186,2.30999994277954,0,15,29,197,1096,1918,2016-04-29,1,171,179,Friday,5,FALSE,0.9553072625698324,Somewhat Active,241,344,0.7005813953488372,"[7.5e+03,1e+04)"
4558609924,4/30/2016,10319,6.82000017166138,6.82000017166138,0,0.469999998807907,1.88999998569489,4.46000003814697,0,7,29,293,1111,2105,2016-04-30,NA,NA,NA,Saturday,6,TRUE,NA,Active,329,329,1,"[1e+04,1.25e+04)"
4558609924,5/1/2016,3428,2.26999998092651,2.26999998092651,0,0,0,2.26999998092651,0,0,0,190,1121,1692,2016-05-01,1,115,129,Sunday,7,TRUE,0.8914728682170543,Sedentary,190,319,0.5956112852664577,"[2.5e+03,5e+03)"
4558609924,5/2/2016,7891,5.21999979019165,5.21999979019165,0,0,0,5.21999979019165,0,0,0,383,1057,2066,2016-05-02,NA,NA,NA,Monday,1,FALSE,NA,Somewhat Active,383,383,1,"[7.5e+03,1e+04)"
4558609924,5/3/2016,5267,3.48000001907349,3.48000001907349,0,0.600000023841858,0.280000001192093,2.59999990463257,0,21,10,237,1172,1953,2016-05-03,NA,NA,NA,Tuesday,2,FALSE,NA,Low Active,268,268,1,"[5e+03,7.5e+03)"
4558609924,5/4/2016,5232,3.46000003814697,3.46000003814697,0,0,0,3.46000003814697,0,0,0,252,1188,1842,2016-05-04,NA,NA,NA,Wednesday,3,FALSE,NA,Low Active,252,252,1,"[5e+03,7.5e+03)"
4558609924,5/5/2016,10611,7.01000022888184,7.01000022888184,0,1.00999999046326,0.5,5.51000022888184,0,14,8,370,1048,2262,2016-05-05,NA,NA,NA,Thursday,4,FALSE,NA,Active,392,392,1,"[1e+04,1.25e+04)"
4558609924,5/6/2016,3755,2.48000001907349,2.48000001907349,0,0,0,2.48000001907349,0,0,0,202,1238,1722,2016-05-06,NA,NA,NA,Friday,5,FALSE,NA,Sedentary,202,202,1,"[2.5e+03,5e+03)"
4558609924,5/7/2016,8237,5.44000005722046,5.44000005722046,0,1.61000001430511,1,2.82999992370605,0,23,16,233,1116,1973,2016-05-07,NA,NA,NA,Saturday,6,TRUE,NA,Somewhat Active,272,324,0.8395061728395061,"[7.5e+03,1e+04)"
4558609924,5/8/2016,6543,4.32999992370605,4.32999992370605,0,1.79999995231628,0.5,2.01999998092651,0,66,35,238,1019,2666,2016-05-08,1,123,134,Sunday,7,TRUE,0.917910447761194,Low Active,339,421,0.8052256532066508,"[5e+03,7.5e+03)"
4558609924,5/9/2016,11451,7.57000017166138,7.57000017166138,0,0.430000007152557,1.62000000476837,5.51999998092651,0,6,30,339,1065,2223,2016-05-09,NA,NA,NA,Monday,1,FALSE,NA,Active,375,375,1,"[1e+04,1.25e+04)"
4558609924,5/10/2016,6435,4.25,4.25,0,0.740000009536743,1.12000000476837,2.39000010490417,0,11,18,220,1191,1889,2016-05-10,NA,NA,NA,Tuesday,2,FALSE,NA,Low Active,249,249,1,"[5e+03,7.5e+03)"
4558609924,5/11/2016,9108,6.01999998092651,6.01999998092651,0,0.259999990463257,1.82000005245209,3.94000005722046,0,4,31,324,1081,2131,2016-05-11,NA,NA,NA,Wednesday,3,FALSE,NA,Somewhat Active,359,359,1,"[7.5e+03,1e+04)"
4558609924,5/12/2016,6307,4.17000007629395,4.17000007629395,0,0,0,4.17000007629395,0,0,0,247,736,1452,2016-05-12,NA,NA,NA,Thursday,4,FALSE,NA,Low Active,247,704,0.3508522727272727,"[5e+03,7.5e+03)"
4702921684,4/12/2016,7213,5.88000011444092,5.88000011444092,0,0,0,5.84999990463257,0,0,0,263,718,2947,2016-04-12,1,425,439,Tuesday,2,FALSE,0.9681093394077449,Low Active,263,722,0.36426592797783935,"[5e+03,7.5e+03)"
4702921684,4/13/2016,6877,5.57999992370605,5.57999992370605,0,0,0,5.57999992370605,0,0,0,258,777,2898,2016-04-13,2,400,430,Wednesday,3,FALSE,0.9302325581395349,Low Active,258,663,0.3891402714932127,"[5e+03,7.5e+03)"
4702921684,4/14/2016,7860,6.36999988555908,6.36999988555908,0,0,0,6.36999988555908,0,0,0,271,772,2984,2016-04-14,1,384,415,Thursday,4,FALSE,0.9253012048192771,Somewhat Active,271,668,0.405688622754491,"[7.5e+03,1e+04)"
4702921684,4/15/2016,6506,5.28000020980835,5.28000020980835,0,0.0700000002980232,0.419999986886978,4.78999996185303,0,1,8,256,944,2896,2016-04-15,1,253,257,Friday,5,FALSE,0.9844357976653697,Low Active,265,496,0.5342741935483871,"[5e+03,7.5e+03)"
4702921684,4/16/2016,11140,9.02999973297119,9.02999973297119,0,0.239999994635582,1.25,7.53999996185303,0,3,24,335,556,3328,2016-04-16,2,382,406,Saturday,6,TRUE,0.9408866995073891,Active,362,884,0.4095022624434389,"[1e+04,1.25e+04)"
4702921684,4/17/2016,12692,10.289999961853,10.289999961853,0,0.959999978542328,3.46000003814697,5.88000011444092,0,12,66,302,437,3394,2016-04-17,1,591,612,Sunday,7,TRUE,0.9656862745098039,Highly Active,380,1003,0.37886340977068794,"[1.25e+04,1.5e+04)"
4702921684,4/18/2016,9105,7.38000011444092,7.38000011444092,0,1.82000005245209,1.49000000953674,4.07000017166138,0,22,30,191,890,3013,2016-04-18,1,293,312,Monday,1,FALSE,0.9391025641025641,Somewhat Active,243,550,0.44181818181818183,"[7.5e+03,1e+04)"
4702921684,4/19/2016,6708,5.44000005722046,5.44000005722046,0,0.879999995231628,0.370000004768372,4.19000005722046,0,10,8,179,757,2812,2016-04-19,1,457,487,Tuesday,2,FALSE,0.9383983572895277,Low Active,197,683,0.2884333821376281,"[5e+03,7.5e+03)"
4702921684,4/20/2016,8793,7.13000011444092,7.13000011444092,0,0.159999996423721,1.23000001907349,5.73000001907349,0,2,29,260,717,3061,2016-04-20,1,454,468,Wednesday,3,FALSE,0.9700854700854701,Somewhat Active,291,723,0.4024896265560166,"[7.5e+03,1e+04)"
4702921684,4/21/2016,6530,5.30000019073486,5.30000019073486,0,0.310000002384186,2.04999995231628,2.94000005722046,0,4,41,144,901,2729,2016-04-21,1,425,434,Thursday,4,FALSE,0.9792626728110599,Low Active,189,539,0.35064935064935066,"[5e+03,7.5e+03)"
4702921684,4/22/2016,1664,1.35000002384186,1.35000002384186,0,0,0,1.35000002384186,0,0,0,72,1341,2241,2016-04-22,NA,NA,NA,Friday,5,FALSE,NA,Sedentary,72,99,0.7272727272727273,"[0,2.5e+03)"
4702921684,4/23/2016,15126,12.2700004577637,12.2700004577637,0,0.759999990463257,3.24000000953674,8.27000045776367,0,9,66,408,469,3691,2016-04-23,1,465,475,Saturday,6,TRUE,0.9789473684210527,Highly Active,483,971,0.49742533470648814,"[1.5e+04,1.75e+04)"
4702921684,4/24/2016,15050,12.2200002670288,12.2200002670288,0,1.20000004768372,5.11999988555908,5.88000011444092,0,15,95,281,542,3538,2016-04-24,1,480,506,Sunday,7,TRUE,0.9486166007905138,Highly Active,391,898,0.4354120267260579,"[1.5e+04,1.75e+04)"
4702921684,4/25/2016,9167,7.42999982833862,7.42999982833862,0,0.490000009536743,0.819999992847443,6.1100001335144,0,6,15,270,730,3064,2016-04-25,1,370,380,Monday,1,FALSE,0.9736842105263158,Somewhat Active,291,710,0.4098591549295775,"[7.5e+03,1e+04)"
4702921684,4/26/2016,6108,4.94999980926514,4.94999980926514,0,0.0700000002980232,0.349999994039536,4.53999996185303,0,1,8,216,765,2784,2016-04-26,1,421,429,Tuesday,2,FALSE,0.9813519813519813,Low Active,225,675,0.3333333333333333,"[5e+03,7.5e+03)"
4702921684,4/27/2016,7047,5.71999979019165,5.71999979019165,0,0.0900000035762787,0.800000011920929,4.78000020980835,0,1,16,238,733,2908,2016-04-27,1,432,449,Wednesday,3,FALSE,0.9621380846325167,Low Active,255,707,0.3606789250353607,"[5e+03,7.5e+03)"
4702921684,4/28/2016,9023,7.32000017166138,7.32000017166138,0,1.12999999523163,0.419999986886978,5.76999998092651,0,14,9,232,738,3033,2016-04-28,1,442,461,Thursday,4,FALSE,0.9587852494577006,Somewhat Active,255,702,0.36324786324786323,"[7.5e+03,1e+04)"
4702921684,4/29/2016,9930,8.05000019073486,8.05000019073486,0,1.05999994277954,0.920000016689301,6.07000017166138,0,12,19,267,692,3165,2016-04-29,1,433,447,Friday,5,FALSE,0.9686800894854586,Somewhat Active,298,748,0.3983957219251337,"[7.5e+03,1e+04)"
4702921684,4/30/2016,10144,8.22999954223633,8.22999954223633,0,0.319999992847443,2.02999997138977,5.88000011444092,0,4,36,263,728,3115,2016-04-30,1,479,501,Saturday,6,TRUE,0.9560878243512974,Active,303,712,0.425561797752809,"[1e+04,1.25e+04)"
4702921684,5/1/2016,0,0,0,0,0,0,0,0,0,0,0,1440,2017,2016-05-01,NA,NA,NA,Sunday,7,TRUE,NA,Sedentary,0,0,0,"[0,2.5e+03)"
4702921684,5/2/2016,7245,5.92000007629395,5.92000007629395,0,0.379999995231628,1.74000000953674,3.75999999046326,0,5,40,195,1131,2859,2016-05-02,NA,NA,NA,Monday,1,FALSE,NA,Low Active,240,309,0.7766990291262136,"[5e+03,7.5e+03)"
4702921684,5/3/2016,9454,7.67000007629395,7.67000007629395,0,0,0,7.67000007629395,0,0,0,313,729,3145,2016-05-03,1,327,373,Tuesday,2,FALSE,0.8766756032171582,Somewhat Active,313,711,0.44022503516174405,"[7.5e+03,1e+04)"
4702921684,5/4/2016,8161,6.61999988555908,6.61999988555908,0,0.340000003576279,0.730000019073486,5.53999996185303,0,4,15,251,757,3004,2016-05-04,1,412,434,Wednesday,3,FALSE,0.9493087557603687,Somewhat Active,270,683,0.3953147877013177,"[7.5e+03,1e+04)"
4702921684,5/5/2016,8614,6.98999977111816,6.98999977111816,0,0.670000016689301,0.219999998807907,6.09000015258789,0,8,5,241,745,3006,2016-05-05,1,414,428,Thursday,4,FALSE,0.9672897196261683,Somewhat Active,254,695,0.36546762589928056,"[7.5e+03,1e+04)"
4702921684,5/6/2016,6943,5.63000011444092,5.63000011444092,0,0.0799999982118607,0.660000026226044,4.86999988555908,0,1,16,207,682,2859,2016-05-06,1,404,449,Friday,5,FALSE,0.8997772828507795,Low Active,224,758,0.2955145118733509,"[5e+03,7.5e+03)"
4702921684,5/7/2016,14370,11.6499996185303,11.6499996185303,0,0.370000004768372,2.30999994277954,8.97000026702881,0,5,46,439,577,3683,2016-05-07,2,1040,1086,Saturday,6,TRUE,0.9576427255985267,Highly Active,490,863,0.5677867902665121,"[1.25e+04,1.5e+04)"
4702921684,5/8/2016,12857,10.4300003051758,10.4300003051758,0,0.680000007152557,6.21000003814697,3.53999996185303,0,9,125,192,1019,3287,2016-05-08,NA,NA,NA,Sunday,7,TRUE,NA,Highly Active,326,421,0.7743467933491687,"[1.25e+04,1.5e+04)"
4702921684,5/9/2016,8232,6.67999982833862,6.67999982833862,0,0,0.569999992847443,6.09999990463257,0,0,12,253,746,2990,2016-05-09,1,435,458,Monday,1,FALSE,0.9497816593886463,Somewhat Active,265,694,0.3818443804034582,"[7.5e+03,1e+04)"
4702921684,5/10/2016,10613,8.60999965667725,8.60999965667725,0,0.0799999982118607,1.87999999523163,6.65000009536743,0,1,37,262,701,3172,2016-05-10,1,416,431,Tuesday,2,FALSE,0.9651972157772621,Active,300,739,0.4059539918809202,"[1e+04,1.25e+04)"
4702921684,5/11/2016,9810,7.96000003814697,7.96000003814697,0,0.779999971389771,2.16000008583069,4.98000001907349,0,10,41,235,784,3069,2016-05-11,1,354,366,Wednesday,3,FALSE,0.9672131147540983,Somewhat Active,286,656,0.43597560975609756,"[7.5e+03,1e+04)"
4702921684,5/12/2016,2752,2.23000001907349,2.23000001907349,0,0,0,2.23000001907349,0,0,0,68,241,1240,2016-05-12,1,404,442,Thursday,4,FALSE,0.9140271493212669,Sedentary,68,1199,0.0567139282735613,"[2.5e+03,5e+03)"
5553957443,4/12/2016,11596,7.57000017166138,7.57000017166138,0,1.37000000476837,0.790000021457672,5.40999984741211,0,19,13,277,767,2026,2016-04-12,1,441,464,Tuesday,2,FALSE,0.9504310344827587,Active,309,673,0.4591381872213967,"[1e+04,1.25e+04)"
5553957443,4/13/2016,4832,3.16000008583069,3.16000008583069,0,0,0,3.16000008583069,0,0,0,226,647,1718,2016-04-13,2,455,488,Wednesday,3,FALSE,0.9323770491803278,Sedentary,226,793,0.2849936948297604,"[2.5e+03,5e+03)"
5553957443,4/14/2016,17022,11.1199998855591,11.1199998855591,0,4,2.45000004768372,4.67000007629395,0,61,41,256,693,2324,2016-04-14,1,357,418,Thursday,4,FALSE,0.854066985645933,Highly Active,358,747,0.47925033467202144,"[1.5e+04,1.75e+04)"
5553957443,4/15/2016,16556,10.8599996566772,10.8599996566772,0,4.15999984741211,1.98000001907349,4.71000003814697,0,58,38,239,689,2254,2016-04-15,1,377,409,Friday,5,FALSE,0.921760391198044,Highly Active,335,751,0.44607190412782954,"[1.5e+04,1.75e+04)"
5553957443,4/16/2016,5771,3.76999998092651,3.76999998092651,0,0,0,3.76999998092651,0,0,0,288,521,1831,2016-04-16,2,651,686,Saturday,6,TRUE,0.9489795918367347,Low Active,288,919,0.3133841131664853,"[5e+03,7.5e+03)"
5553957443,4/17/2016,655,0.430000007152557,0.430000007152557,0,0,0,0.430000007152557,0,0,0,46,943,1397,2016-04-17,1,350,402,Sunday,7,TRUE,0.8706467661691543,Sedentary,46,497,0.0925553319919517,"[0,2.5e+03)"
5553957443,4/18/2016,3727,2.4300000667572,2.4300000667572,0,0,0,2.4300000667572,0,0,0,206,622,1683,2016-04-18,2,520,541,Monday,1,FALSE,0.9611829944547134,Sedentary,206,818,0.25183374083129584,"[2.5e+03,5e+03)"
5553957443,4/19/2016,15482,10.1099996566772,10.1099996566772,0,4.28000020980835,1.6599999666214,4.17999982833862,0,69,28,249,756,2284,2016-04-19,1,357,410,Tuesday,2,FALSE,0.8707317073170732,Highly Active,346,684,0.5058479532163743,"[1.5e+04,1.75e+04)"
5553957443,4/20/2016,2713,1.76999998092651,1.76999998092651,0,0,0,1.76999998092651,0,0,0,148,598,1570,2016-04-20,1,658,678,Wednesday,3,FALSE,0.9705014749262537,Sedentary,148,842,0.17577197149643706,"[2.5e+03,5e+03)"
5553957443,4/21/2016,12346,8.0600004196167,8.0600004196167,0,2.95000004768372,2.16000008583069,2.96000003814697,0,47,42,177,801,2066,2016-04-21,1,399,431,Thursday,4,FALSE,0.925754060324826,Active,266,639,0.4162754303599374,"[1e+04,1.25e+04)"
5553957443,4/22/2016,11682,7.63000011444092,7.63000011444092,0,1.37999999523163,0.629999995231628,5.59999990463257,0,25,16,270,781,2105,2016-04-22,1,322,353,Friday,5,FALSE,0.9121813031161473,Active,311,659,0.47192716236722304,"[1e+04,1.25e+04)"
5553957443,4/23/2016,4112,2.69000005722046,2.69000005722046,0,0,0,2.6800000667572,0,0,0,272,443,1776,2016-04-23,2,631,725,Saturday,6,TRUE,0.8703448275862069,Sedentary,272,997,0.2728184553660983,"[2.5e+03,5e+03)"
5553957443,4/24/2016,1807,1.17999994754791,1.17999994754791,0,0,0,1.17999994754791,0,0,0,104,582,1507,2016-04-24,2,553,640,Sunday,7,TRUE,0.8640625,Sedentary,104,858,0.12121212121212122,"[0,2.5e+03)"
5553957443,4/25/2016,10946,7.19000005722046,7.19000005722046,0,2.9300000667572,0.569999992847443,3.69000005722046,0,51,11,201,732,2033,2016-04-25,1,433,468,Monday,1,FALSE,0.9252136752136753,Active,263,708,0.3714689265536723,"[1e+04,1.25e+04)"
5553957443,4/26/2016,11886,7.76000022888184,7.76000022888184,0,2.36999988555908,0.930000007152557,4.46000003814697,0,40,18,238,750,2093,2016-04-26,1,412,453,Tuesday,2,FALSE,0.9094922737306843,Active,296,690,0.4289855072463768,"[1e+04,1.25e+04)"
5553957443,4/27/2016,10538,6.88000011444092,6.88000011444092,0,1.13999998569489,1,4.73999977111816,0,16,16,206,745,1922,2016-04-27,1,347,391,Wednesday,3,FALSE,0.887468030690537,Active,238,695,0.3424460431654676,"[1e+04,1.25e+04)"
5553957443,4/28/2016,11393,7.63000011444092,7.63000011444092,0,3.71000003814697,0.75,3.17000007629395,0,49,13,165,727,1999,2016-04-28,1,421,457,Thursday,4,FALSE,0.9212253829321663,Active,227,713,0.31837307152875177,"[1e+04,1.25e+04)"
5553957443,4/29/2016,12764,8.32999992370605,8.32999992370605,0,2.78999996185303,0.639999985694885,4.90999984741211,0,46,15,270,709,2169,2016-04-29,1,450,495,Friday,5,FALSE,0.9090909090909091,Highly Active,331,731,0.4528043775649795,"[1.25e+04,1.5e+04)"
5553957443,4/30/2016,1202,0.779999971389771,0.779999971389771,0,0,0,0.779999971389771,0,0,0,84,506,1463,2016-04-30,2,775,843,Saturday,6,TRUE,0.9193357058125742,Sedentary,84,934,0.08993576017130621,"[0,2.5e+03)"
5553957443,5/1/2016,5164,3.36999988555908,3.36999988555908,0,0,0,3.36999988555908,0,0,0,237,436,1747,2016-05-01,2,622,686,Sunday,7,TRUE,0.9067055393586005,Low Active,237,1004,0.2360557768924303,"[5e+03,7.5e+03)"
5553957443,5/2/2016,9769,6.38000011444092,6.38000011444092,0,1.05999994277954,0.409999996423721,4.90000009536743,0,23,9,227,724,1996,2016-05-02,1,409,471,Monday,1,FALSE,0.8683651804670913,Somewhat Active,259,716,0.361731843575419,"[7.5e+03,1e+04)"
5553957443,5/3/2016,12848,8.39000034332275,8.39000034332275,0,1.5,1.20000004768372,5.67999982833862,0,26,29,247,812,2116,2016-05-03,1,380,429,Tuesday,2,FALSE,0.8857808857808858,Highly Active,302,628,0.48089171974522293,"[1.25e+04,1.5e+04)"
5553957443,5/4/2016,4249,2.76999998092651,2.76999998092651,0,0,0,2.76999998092651,0,0,0,224,651,1698,2016-05-04,1,447,470,Wednesday,3,FALSE,0.951063829787234,Sedentary,224,789,0.28390367553865653,"[2.5e+03,5e+03)"
5553957443,5/5/2016,14331,9.51000022888184,9.51000022888184,0,3.4300000667572,1.6599999666214,4.42999982833862,0,44,29,241,692,2156,2016-05-05,1,419,464,Thursday,4,FALSE,0.9030172413793104,Highly Active,314,748,0.4197860962566845,"[1.25e+04,1.5e+04)"
5553957443,5/6/2016,9632,6.28999996185303,6.28999996185303,0,1.51999998092651,0.540000021457672,4.23000001907349,0,21,9,229,761,1916,2016-05-06,1,400,434,Friday,5,FALSE,0.9216589861751152,Somewhat Active,259,679,0.38144329896907214,"[7.5e+03,1e+04)"
5553957443,5/7/2016,1868,1.22000002861023,1.22000002861023,0,0,0,1.22000002861023,0,0,0,96,902,1494,2016-05-07,1,442,470,Saturday,6,TRUE,0.9404255319148936,Sedentary,96,538,0.17843866171003717,"[0,2.5e+03)"
5553957443,5/8/2016,6083,4,4,0,0.219999998807907,0.469999998807907,3.29999995231628,0,3,8,210,505,1762,2016-05-08,1,568,608,Sunday,7,TRUE,0.9342105263157895,Low Active,221,935,0.23636363636363636,"[5e+03,7.5e+03)"
5553957443,5/9/2016,11611,7.57999992370605,7.57999992370605,0,2.13000011444092,0.889999985694885,4.55999994277954,0,59,22,251,667,2272,2016-05-09,1,453,494,Monday,1,FALSE,0.917004048582996,Active,332,773,0.4294954721862872,"[1e+04,1.25e+04)"
5553957443,5/10/2016,16358,10.710000038147,10.710000038147,0,3.86999988555908,1.61000001430511,5.19999980926514,0,61,40,265,707,2335,2016-05-10,1,418,443,Tuesday,2,FALSE,0.9435665914221218,Highly Active,366,733,0.49931787175989084,"[1.5e+04,1.75e+04)"
5553957443,5/11/2016,4926,3.22000002861023,3.22000002861023,0,0,0,3.22000002861023,0,0,0,195,628,1693,2016-05-11,1,463,486,Wednesday,3,FALSE,0.9526748971193416,Sedentary,195,812,0.24014778325123154,"[2.5e+03,5e+03)"
5553957443,5/12/2016,3121,2.03999996185303,2.03999996185303,0,0.579999983310699,0.400000005960464,1.05999994277954,0,8,6,48,222,741,2016-05-12,1,438,475,Thursday,4,FALSE,0.9221052631578948,Sedentary,62,1218,0.05090311986863711,"[2.5e+03,5e+03)"
5577150313,4/12/2016,8135,6.07999992370605,6.07999992370605,0,3.59999990463257,0.379999995231628,2.09999990463257,0,86,16,140,728,3405,2016-04-12,1,419,438,Tuesday,2,FALSE,0.95662100456621,Somewhat Active,242,712,0.3398876404494382,"[7.5e+03,1e+04)"
5577150313,4/13/2016,5077,3.78999996185303,3.78999996185303,0,0.319999992847443,0.219999998807907,3.25,0,15,11,144,776,2551,2016-04-13,1,432,458,Wednesday,3,FALSE,0.9432314410480349,Low Active,170,664,0.2560240963855422,"[5e+03,7.5e+03)"
5577150313,4/14/2016,8596,6.42000007629395,6.42000007629395,0,3.32999992370605,0.310000002384186,2.77999997138977,0,118,30,176,662,4022,2016-04-14,1,477,497,Thursday,4,FALSE,0.959758551307847,Somewhat Active,324,778,0.41645244215938304,"[7.5e+03,1e+04)"
5577150313,4/15/2016,12087,9.07999992370605,9.07999992370605,0,3.92000007629395,1.60000002384186,3.55999994277954,0,115,54,199,695,4005,2016-04-15,1,392,413,Friday,5,FALSE,0.9491525423728814,Active,368,745,0.49395973154362416,"[1e+04,1.25e+04)"
5577150313,4/16/2016,14269,10.6599998474121,10.6599998474121,0,6.6399998664856,1.27999997138977,2.73000001907349,0,184,56,158,472,4274,2016-04-16,1,406,445,Saturday,6,TRUE,0.9123595505617977,Highly Active,398,968,0.41115702479338845,"[1.25e+04,1.5e+04)"
5577150313,4/17/2016,12231,9.14000034332275,9.14000034332275,0,5.98000001907349,0.829999983310699,2.3199999332428,0,200,37,159,525,4552,2016-04-17,1,549,583,Sunday,7,TRUE,0.9416809605488851,Active,396,915,0.43278688524590164,"[1e+04,1.25e+04)"
5577150313,4/18/2016,9893,7.3899998664856,7.3899998664856,0,4.8600001335144,0.720000028610229,1.82000005245209,0,114,32,130,623,3625,2016-04-18,1,527,553,Monday,1,FALSE,0.9529837251356239,Somewhat Active,276,817,0.3378212974296206,"[7.5e+03,1e+04)"
5577150313,4/19/2016,12574,9.42000007629395,9.42000007629395,0,7.01999998092651,0.639999985694885,1.75999999046326,0,108,23,111,733,3501,2016-04-19,1,449,465,Tuesday,2,FALSE,0.9655913978494624,Highly Active,242,707,0.3422913719943423,"[1.25e+04,1.5e+04)"
5577150313,4/20/2016,8330,6.21999979019165,6.21999979019165,0,4.11999988555908,0.340000003576279,1.75999999046326,0,87,16,113,773,3192,2016-04-20,1,447,480,Wednesday,3,FALSE,0.93125,Somewhat Active,216,667,0.3238380809595202,"[7.5e+03,1e+04)"
5577150313,4/21/2016,10830,8.09000015258789,8.09000015258789,0,3.65000009536743,1.6599999666214,2.77999997138977,0,110,74,175,670,4018,2016-04-21,1,414,437,Thursday,4,FALSE,0.9473684210526315,Active,359,770,0.4662337662337662,"[1e+04,1.25e+04)"
5577150313,4/22/2016,9172,6.84999990463257,6.84999990463257,0,2.42000007629395,0.790000021457672,3.29999995231628,0,62,30,200,823,3329,2016-04-22,1,338,366,Friday,5,FALSE,0.9234972677595629,Somewhat Active,292,617,0.473257698541329,"[7.5e+03,1e+04)"
5577150313,4/23/2016,7638,5.71000003814697,5.71000003814697,0,1.21000003814697,0.360000014305115,4.1399998664856,0,24,24,223,627,3152,2016-04-23,1,384,402,Saturday,6,TRUE,0.9552238805970149,Somewhat Active,271,813,0.3333333333333333,"[7.5e+03,1e+04)"
5577150313,4/24/2016,15764,11.7799997329712,11.7799997329712,0,7.65000009536743,2.15000009536743,1.98000001907349,0,210,65,141,425,4392,2016-04-24,1,543,615,Sunday,7,TRUE,0.8829268292682927,Highly Active,416,1015,0.4098522167487685,"[1.5e+04,1.75e+04)"
5577150313,4/25/2016,6393,4.78000020980835,4.78000020980835,0,1.35000002384186,0.670000016689301,2.75999999046326,0,61,38,214,743,3374,2016-04-25,1,421,461,Monday,1,FALSE,0.913232104121475,Low Active,313,697,0.4490674318507891,"[5e+03,7.5e+03)"
5577150313,4/26/2016,5325,3.98000001907349,3.98000001907349,0,0.850000023841858,0.649999976158142,2.47000002861023,0,38,32,181,759,3088,2016-04-26,1,354,377,Tuesday,2,FALSE,0.9389920424403183,Low Active,251,681,0.368575624082232,"[5e+03,7.5e+03)"
5577150313,4/27/2016,6805,5.1399998664856,5.1399998664856,0,1.80999994277954,0.400000005960464,2.9300000667572,0,63,16,190,773,3294,2016-04-27,1,424,452,Wednesday,3,FALSE,0.9380530973451328,Low Active,269,667,0.4032983508245877,"[5e+03,7.5e+03)"
5577150313,4/28/2016,9841,7.42999982833862,7.42999982833862,0,3.25,1.16999995708466,3.00999999046326,0,99,51,141,692,3580,2016-04-28,1,361,372,Thursday,4,FALSE,0.9704301075268817,Somewhat Active,291,748,0.3890374331550802,"[7.5e+03,1e+04)"
5577150313,4/29/2016,7924,5.92000007629395,5.92000007629395,0,2.83999991416931,0.610000014305115,2.47000002861023,0,97,36,165,739,3544,2016-04-29,1,459,485,Friday,5,FALSE,0.9463917525773196,Somewhat Active,298,701,0.42510699001426533,"[7.5e+03,1e+04)"
5577150313,4/30/2016,12363,9.23999977111816,9.23999977111816,0,5.82999992370605,0.790000021457672,2.60999989509583,0,207,45,163,621,4501,2016-04-30,1,412,433,Saturday,6,TRUE,0.9515011547344111,Active,415,819,0.5067155067155067,"[1e+04,1.25e+04)"
5577150313,5/1/2016,13368,9.98999977111816,9.98999977111816,0,5.30999994277954,1.44000005722046,3.24000000953674,0,194,72,178,499,4546,2016-05-01,1,379,398,Sunday,7,TRUE,0.9522613065326633,Highly Active,444,941,0.4718384697130712,"[1.25e+04,1.5e+04)"
5577150313,5/2/2016,7439,5.55999994277954,5.55999994277954,0,1.12000000476837,0.349999994039536,4.07000017166138,0,37,20,235,732,3014,2016-05-02,2,525,553,Monday,1,FALSE,0.9493670886075949,Low Active,292,708,0.4124293785310734,"[5e+03,7.5e+03)"
5577150313,5/3/2016,11045,8.25,8.25,0,4.51999998092651,0.150000005960464,3.5699999332428,0,97,8,212,580,3795,2016-05-03,1,508,543,Tuesday,2,FALSE,0.9355432780847146,Active,317,860,0.3686046511627907,"[1e+04,1.25e+04)"
5577150313,5/4/2016,5206,3.89000010490417,3.89000010490417,0,1.55999994277954,0.25,2.07999992370605,0,25,9,141,631,2755,2016-05-04,1,603,634,Wednesday,3,FALSE,0.9511041009463722,Low Active,175,809,0.21631644004944375,"[5e+03,7.5e+03)"
5577150313,5/5/2016,7550,5.6399998664856,5.6399998664856,0,2.5,0.469999998807907,2.67000007629395,0,45,21,143,1153,3004,2016-05-05,1,74,78,Thursday,4,FALSE,0.9487179487179487,Somewhat Active,209,287,0.7282229965156795,"[7.5e+03,1e+04)"
5577150313,5/6/2016,4950,3.70000004768372,3.70000004768372,0,1.92999994754791,0.319999992847443,1.45000004768372,0,41,16,79,1304,2643,2016-05-06,NA,NA,NA,Friday,5,FALSE,NA,Sedentary,136,136,1,"[2.5e+03,5e+03)"
5577150313,5/7/2016,0,0,0,0,0,0,0,0,0,0,0,1440,1819,2016-05-07,NA,NA,NA,Saturday,6,TRUE,NA,Sedentary,0,0,0,"[0,2.5e+03)"
5577150313,5/8/2016,0,0,0,0,0,0,0,0,0,0,0,1440,1819,2016-05-08,NA,NA,NA,Sunday,7,TRUE,NA,Sedentary,0,0,0,"[0,2.5e+03)"
5577150313,5/9/2016,3421,2.55999994277954,2.55999994277954,0,1.42999994754791,0.140000000596046,0.990000009536743,0,34,11,70,1099,2489,2016-05-09,NA,NA,NA,Monday,1,FALSE,NA,Sedentary,115,341,0.33724340175953077,"[2.5e+03,5e+03)"
5577150313,5/10/2016,8869,6.65000009536743,6.65000009536743,0,2.55999994277954,0.75,3.34999990463257,0,104,37,194,639,3841,2016-05-10,1,504,562,Tuesday,2,FALSE,0.896797153024911,Somewhat Active,335,801,0.418227215980025,"[7.5e+03,1e+04)"
5577150313,5/11/2016,4038,3.03999996185303,3.03999996185303,0,1.83000004291534,0.300000011920929,0.889999985694885,0,45,15,63,257,1665,2016-05-11,1,431,476,Wednesday,3,FALSE,0.9054621848739496,Sedentary,123,1183,0.10397295012679628,"[2.5e+03,5e+03)"
6117666160,4/12/2016,0,0,0,0,0,0,0,0,0,0,0,1440,1496,2016-04-12,NA,NA,NA,Tuesday,2,FALSE,NA,Sedentary,0,0,0,"[0,2.5e+03)"
6117666160,4/13/2016,0,0,0,0,0,0,0,0,0,0,0,1440,1496,2016-04-13,NA,NA,NA,Wednesday,3,FALSE,NA,Sedentary,0,0,0,"[0,2.5e+03)"
6117666160,4/14/2016,0,0,0,0,0,0,0,0,0,0,0,1440,1496,2016-04-14,NA,NA,NA,Thursday,4,FALSE,NA,Sedentary,0,0,0,"[0,2.5e+03)"
6117666160,4/15/2016,14019,10.5900001525879,10.5900001525879,0,0,0.280000001192093,10.3000001907349,0,0,6,513,921,2865,2016-04-15,NA,NA,NA,Friday,5,FALSE,NA,Highly Active,519,519,1,"[1.25e+04,1.5e+04)"
6117666160,4/16/2016,14450,10.9099998474121,10.9099998474121,0,0.579999983310699,0.850000023841858,9.47999954223633,0,7,15,518,502,2828,2016-04-16,1,380,398,Saturday,6,TRUE,0.9547738693467337,Highly Active,540,938,0.5756929637526652,"[1.25e+04,1.5e+04)"
6117666160,4/17/2016,7150,5.40000009536743,5.40000009536743,0,0,0,5.40000009536743,0,0,0,312,702,2225,2016-04-17,2,336,350,Sunday,7,TRUE,0.96,Low Active,312,738,0.42276422764227645,"[5e+03,7.5e+03)"
6117666160,4/18/2016,5153,3.91000008583069,3.91000008583069,0,0,0,3.89000010490417,0,0,0,241,759,2018,2016-04-18,2,493,510,Monday,1,FALSE,0.9666666666666667,Low Active,241,681,0.35389133627019087,"[5e+03,7.5e+03)"
6117666160,4/19/2016,11135,8.40999984741211,8.40999984741211,0,0,0,8.40999984741211,0,0,0,480,425,2606,2016-04-19,1,465,492,Tuesday,2,FALSE,0.9451219512195121,Active,480,1015,0.4729064039408867,"[1e+04,1.25e+04)"
6117666160,4/20/2016,10449,8.02000045776367,8.02000045776367,0,2.02999997138977,0.479999989271164,5.51999998092651,0,26,10,349,587,2536,2016-04-20,1,474,502,Wednesday,3,FALSE,0.9442231075697212,Active,385,853,0.451348182883939,"[1e+04,1.25e+04)"
6117666160,4/21/2016,19542,15.0100002288818,15.0100002288818,0,0.980000019073486,0.400000005960464,5.61999988555908,0,11,19,294,579,4900,2016-04-21,1,508,550,Thursday,4,FALSE,0.9236363636363636,Highly Active,324,861,0.37630662020905925,"[1.75e+04,2e+04)"
6117666160,4/22/2016,8206,6.19999980926514,6.19999980926514,0,0,0,6.19999980926514,0,0,0,402,413,2409,2016-04-22,1,480,546,Friday,5,FALSE,0.8791208791208791,Somewhat Active,402,1027,0.3914313534566699,"[7.5e+03,1e+04)"
6117666160,4/23/2016,11495,8.68000030517578,8.68000030517578,0,0,0,8.68000030517578,0,0,0,512,468,2651,2016-04-23,1,492,539,Saturday,6,TRUE,0.9128014842300557,Active,512,972,0.5267489711934157,"[1e+04,1.25e+04)"
6117666160,4/24/2016,7623,5.76000022888184,5.76000022888184,0,0,0,5.76000022888184,0,0,0,362,711,2305,2016-04-24,1,353,367,Sunday,7,TRUE,0.9618528610354223,Somewhat Active,362,729,0.49657064471879286,"[7.5e+03,1e+04)"
6117666160,4/25/2016,0,0,0,0,0,0,0,0,0,0,0,1440,1497,2016-04-25,NA,NA,NA,Monday,1,FALSE,NA,Sedentary,0,0,0,"[0,2.5e+03)"
6117666160,4/26/2016,9543,7.21000003814697,7.21000003814697,0,0,0.340000003576279,6.86999988555908,0,0,7,352,1077,2450,2016-04-26,NA,NA,NA,Tuesday,2,FALSE,NA,Somewhat Active,359,363,0.9889807162534435,"[7.5e+03,1e+04)"
6117666160,4/27/2016,9411,7.1100001335144,7.1100001335144,0,0,0,7.1100001335144,0,0,0,458,417,2576,2016-04-27,1,542,557,Wednesday,3,FALSE,0.9730700179533214,Somewhat Active,458,1023,0.447702834799609,"[7.5e+03,1e+04)"
6117666160,4/28/2016,3403,2.59999990463257,2.59999990463257,0,0,0,2.59999990463257,0,0,0,141,758,1879,2016-04-28,1,393,416,Thursday,4,FALSE,0.9447115384615384,Sedentary,141,682,0.20674486803519063,"[2.5e+03,5e+03)"
6117666160,4/29/2016,9592,7.23999977111816,7.23999977111816,0,0,0,7.23999977111816,0,0,0,461,479,2560,2016-04-29,1,600,636,Friday,5,FALSE,0.9433962264150944,Somewhat Active,461,961,0.4797086368366285,"[7.5e+03,1e+04)"
6117666160,4/30/2016,6987,5.28000020980835,5.28000020980835,0,0,0,5.28000020980835,0,0,0,343,1040,2275,2016-04-30,NA,NA,NA,Saturday,6,TRUE,NA,Low Active,343,400,0.8575,"[5e+03,7.5e+03)"
6117666160,5/1/2016,8915,6.73000001907349,6.73000001907349,0,0,0,6.73000001907349,0,0,0,397,525,2361,2016-05-01,1,507,575,Sunday,7,TRUE,0.8817391304347826,Somewhat Active,397,915,0.43387978142076505,"[7.5e+03,1e+04)"
6117666160,5/2/2016,4933,3.73000001907349,3.73000001907349,0,0,0,3.73000001907349,0,0,0,236,1204,2044,2016-05-02,NA,NA,NA,Monday,1,FALSE,NA,Sedentary,236,236,1,"[2.5e+03,5e+03)"
6117666160,5/3/2016,0,0,0,0,0,0,0,0,0,0,0,1440,1496,2016-05-03,NA,NA,NA,Tuesday,2,FALSE,NA,Sedentary,0,0,0,"[0,2.5e+03)"
6117666160,5/4/2016,2997,2.25999999046326,2.25999999046326,0,0,0,2.25999999046326,0,0,0,156,1279,1902,2016-05-04,NA,NA,NA,Wednesday,3,FALSE,NA,Sedentary,156,161,0.968944099378882,"[2.5e+03,5e+03)"
6117666160,5/5/2016,9799,7.40000009536743,7.40000009536743,0,0,0,7.40000009536743,0,0,0,487,479,2636,2016-05-05,1,392,415,Thursday,4,FALSE,0.944578313253012,Somewhat Active,487,961,0.5067637877211238,"[7.5e+03,1e+04)"
6117666160,5/6/2016,3365,2.6800000667572,2.6800000667572,0,0,0,2.6800000667572,0,0,0,133,673,1838,2016-05-06,2,658,698,Friday,5,FALSE,0.9426934097421203,Sedentary,133,767,0.17340286831812254,"[2.5e+03,5e+03)"
6117666160,5/7/2016,7336,5.53999996185303,5.53999996185303,0,0,0,5.53999996185303,0,0,0,412,456,2469,2016-05-07,2,498,507,Saturday,6,TRUE,0.9822485207100592,Low Active,412,984,0.4186991869918699,"[5e+03,7.5e+03)"
6117666160,5/8/2016,7328,5.53000020980835,5.53000020980835,0,0,0,5.53000020980835,0,0,0,318,517,2250,2016-05-08,1,555,603,Sunday,7,TRUE,0.9203980099502488,Low Active,318,923,0.3445287107258938,"[5e+03,7.5e+03)"
6117666160,5/9/2016,4477,3.38000011444092,3.38000011444092,0,0,0,3.38000011444092,0,0,0,197,125,1248,2016-05-09,1,492,522,Monday,1,FALSE,0.9425287356321839,Sedentary,197,1315,0.14980988593155894,"[2.5e+03,5e+03)"
6290855005,4/12/2016,4562,3.45000004768372,3.45000004768372,0,0,0,3.45000004768372,0,0,0,199,1241,2560,2016-04-12,NA,NA,NA,Tuesday,2,FALSE,NA,Sedentary,199,199,1,"[2.5e+03,5e+03)"
6290855005,4/13/2016,7142,5.40000009536743,5.40000009536743,0,0,0,5.3899998664856,0.00999999977648258,0,0,350,1090,2905,2016-04-13,NA,NA,NA,Wednesday,3,FALSE,NA,Low Active,350,350,1,"[5e+03,7.5e+03)"
6290855005,4/14/2016,7671,5.80000019073486,5.80000019073486,0,0,0,5.76999998092651,0.0299999993294477,0,0,363,1077,2952,2016-04-14,NA,NA,NA,Thursday,4,FALSE,NA,Somewhat Active,363,363,1,"[7.5e+03,1e+04)"
6290855005,4/15/2016,9501,7.17999982833862,7.17999982833862,0,0,0,7.17000007629395,0.00999999977648258,0,0,328,1112,2896,2016-04-15,NA,NA,NA,Friday,5,FALSE,NA,Somewhat Active,328,328,1,"[7.5e+03,1e+04)"
6290855005,4/16/2016,8301,6.28000020980835,6.28000020980835,0,0,0,6.26999998092651,0.00999999977648258,0,0,258,1182,2783,2016-04-16,NA,NA,NA,Saturday,6,TRUE,NA,Somewhat Active,258,258,1,"[7.5e+03,1e+04)"
6290855005,4/17/2016,7851,5.94000005722046,5.94000005722046,0,1.13999998569489,0.790000021457672,4,0,31,12,225,1172,3171,2016-04-17,NA,NA,NA,Sunday,7,TRUE,NA,Somewhat Active,268,268,1,"[7.5e+03,1e+04)"
6290855005,4/18/2016,6885,5.21000003814697,5.21000003814697,0,0,0,5.19000005722046,0.0199999995529652,0,0,271,1169,2766,2016-04-18,NA,NA,NA,Monday,1,FALSE,NA,Low Active,271,271,1,"[5e+03,7.5e+03)"
6290855005,4/19/2016,7142,5.40000009536743,5.40000009536743,0,0,0,5.3899998664856,0.00999999977648258,0,0,321,1119,2839,2016-04-19,NA,NA,NA,Tuesday,2,FALSE,NA,Low Active,321,321,1,"[5e+03,7.5e+03)"
6290855005,4/20/2016,6361,4.80999994277954,4.80999994277954,0,0,0,4.80000019073486,0.00999999977648258,0,0,258,1182,2701,2016-04-20,NA,NA,NA,Wednesday,3,FALSE,NA,Low Active,258,258,1,"[5e+03,7.5e+03)"
6290855005,4/21/2016,0,0,0,0,0,0,0,0,0,0,0,1440,2060,2016-04-21,NA,NA,NA,Thursday,4,FALSE,NA,Sedentary,0,0,0,"[0,2.5e+03)"
6290855005,4/22/2016,6238,4.71999979019165,4.71999979019165,0,0,0,4.71999979019165,0,0,0,302,1138,2796,2016-04-22,NA,NA,NA,Friday,5,FALSE,NA,Low Active,302,302,1,"[5e+03,7.5e+03)"
6290855005,4/23/2016,0,0,0,0,0,0,0,0,33,0,0,1407,2664,2016-04-23,NA,NA,NA,Saturday,6,TRUE,NA,Sedentary,33,33,1,"[0,2.5e+03)"
6290855005,4/24/2016,5896,4.46000003814697,4.46000003814697,0,0,0,4.46000003814697,0,0,0,258,1182,2703,2016-04-24,NA,NA,NA,Sunday,7,TRUE,NA,Low Active,258,258,1,"[5e+03,7.5e+03)"
6290855005,4/25/2016,7802,5.90000009536743,5.90000009536743,0,0.680000007152557,0.180000007152557,5.03000020980835,0.00999999977648258,8,3,249,1180,2771,2016-04-25,NA,NA,NA,Monday,1,FALSE,NA,Somewhat Active,260,260,1,"[7.5e+03,1e+04)"
6290855005,4/26/2016,0,0,0,0,0,0,0,0,0,0,0,1440,2060,2016-04-26,NA,NA,NA,Tuesday,2,FALSE,NA,Sedentary,0,0,0,"[0,2.5e+03)"
6290855005,4/27/2016,5565,4.21000003814697,4.21000003814697,0,0,0,4.17999982833862,0.0299999993294477,0,0,287,1153,2743,2016-04-27,NA,NA,NA,Wednesday,3,FALSE,NA,Low Active,287,287,1,"[5e+03,7.5e+03)"
6290855005,4/28/2016,5731,4.32999992370605,4.32999992370605,0,0,0,4.32999992370605,0,0,0,255,1185,2687,2016-04-28,NA,NA,NA,Thursday,4,FALSE,NA,Low Active,255,255,1,"[5e+03,7.5e+03)"
6290855005,4/29/2016,0,0,0,0,0,0,0,0,0,0,0,1440,2060,2016-04-29,NA,NA,NA,Friday,5,FALSE,NA,Sedentary,0,0,0,"[0,2.5e+03)"
6290855005,4/30/2016,6744,5.09999990463257,5.09999990463257,0,0,0,5.09000015258789,0.00999999977648258,0,0,324,1116,2843,2016-04-30,NA,NA,NA,Saturday,6,TRUE,NA,Low Active,324,324,1,"[5e+03,7.5e+03)"
6290855005,5/1/2016,9837,7.44000005722046,7.44000005722046,0,0.660000026226044,2.75,4,0.0199999995529652,8,95,282,1055,3327,2016-05-01,NA,NA,NA,Sunday,7,TRUE,NA,Somewhat Active,385,385,1,"[7.5e+03,1e+04)"
6290855005,5/2/2016,6781,5.13000011444092,5.13000011444092,0,0,0,5.1100001335144,0.0199999995529652,0,0,268,1172,2725,2016-05-02,NA,NA,NA,Monday,1,FALSE,NA,Low Active,268,268,1,"[5e+03,7.5e+03)"
6290855005,5/3/2016,6047,4.57000017166138,4.57000017166138,0,0,0,4.57000017166138,0,0,0,240,1200,2671,2016-05-03,NA,NA,NA,Tuesday,2,FALSE,NA,Low Active,240,240,1,"[5e+03,7.5e+03)"
6290855005,5/4/2016,5832,4.40999984741211,4.40999984741211,0,0,0,4.40000009536743,0.00999999977648258,0,0,272,1168,2718,2016-05-04,NA,NA,NA,Wednesday,3,FALSE,NA,Low Active,272,272,1,"[5e+03,7.5e+03)"
6290855005,5/5/2016,6339,4.78999996185303,4.78999996185303,0,0,0,4.78999996185303,0,0,0,239,1201,2682,2016-05-05,NA,NA,NA,Thursday,4,FALSE,NA,Low Active,239,239,1,"[5e+03,7.5e+03)"
6290855005,5/6/2016,6116,4.61999988555908,4.61999988555908,0,0,0,4.59000015258789,0.0299999993294477,0,0,305,1135,2806,2016-05-06,NA,NA,NA,Friday,5,FALSE,NA,Low Active,305,305,1,"[5e+03,7.5e+03)"
6290855005,5/7/2016,5510,4.17000007629395,4.17000007629395,0,0,0,4.15999984741211,0,0,0,227,1213,2613,2016-05-07,NA,NA,NA,Saturday,6,TRUE,NA,Low Active,227,227,1,"[5e+03,7.5e+03)"
6290855005,5/8/2016,7706,5.82999992370605,5.82999992370605,0,0,0,5.82000017166138,0,0,0,251,1189,2712,2016-05-08,NA,NA,NA,Sunday,7,TRUE,NA,Somewhat Active,251,251,1,"[7.5e+03,1e+04)"
6290855005,5/9/2016,6277,4.75,4.75,0,0,0,4.73000001907349,0.0199999995529652,0,0,264,800,2175,2016-05-09,NA,NA,NA,Monday,1,FALSE,NA,Low Active,264,640,0.4125,"[5e+03,7.5e+03)"
6290855005,5/10/2016,0,0,0,0,0,0,0,0,0,0,0,1440,0,2016-05-10,NA,NA,NA,Tuesday,2,FALSE,NA,Sedentary,0,0,0,"[0,2.5e+03)"
6775888955,4/12/2016,0,0,0,0,0,0,0,0,0,0,0,1440,1841,2016-04-12,NA,NA,NA,Tuesday,2,FALSE,NA,Sedentary,0,0,0,"[0,2.5e+03)"
6775888955,4/13/2016,4053,2.91000008583069,2.91000008583069,0,1.11000001430511,0.579999983310699,1.22000002861023,0,17,18,85,1053,2400,2016-04-13,1,235,260,Wednesday,3,FALSE,0.9038461538461539,Sedentary,120,387,0.31007751937984496,"[2.5e+03,5e+03)"
6775888955,4/14/2016,5162,3.70000004768372,3.70000004768372,0,0.870000004768372,0.860000014305115,1.97000002861023,0,14,24,105,863,2507,2016-04-14,1,423,441,Thursday,4,FALSE,0.9591836734693877,Low Active,143,577,0.24783362218370883,"[5e+03,7.5e+03)"
6775888955,4/15/2016,1282,0.920000016689301,0.920000016689301,0,0,0,0.920000016689301,0,0,0,58,976,2127,2016-04-15,1,391,406,Friday,5,FALSE,0.9630541871921182,Sedentary,58,464,0.125,"[0,2.5e+03)"
6775888955,4/16/2016,4732,3.39000010490417,3.39000010490417,0,2.51999998092651,0.810000002384186,0.0599999986588955,0,36,18,9,1377,2225,2016-04-16,NA,NA,NA,Saturday,6,TRUE,NA,Sedentary,63,63,1,"[2.5e+03,5e+03)"
6775888955,4/17/2016,2497,1.78999996185303,1.78999996185303,0,0.349999994039536,1.12999999523163,0.310000002384186,0,5,24,19,1392,2067,2016-04-17,NA,NA,NA,Sunday,7,TRUE,NA,Sedentary,48,48,1,"[0,2.5e+03)"
6775888955,4/18/2016,8294,5.94999980926514,5.94999980926514,0,2,0.769999980926514,3.17000007629395,0,30,31,146,1233,2798,2016-04-18,NA,NA,NA,Monday,1,FALSE,NA,Somewhat Active,207,207,1,"[7.5e+03,1e+04)"
6775888955,4/19/2016,0,0,0,0,0,0,0,0,0,0,0,1440,1841,2016-04-19,NA,NA,NA,Tuesday,2,FALSE,NA,Sedentary,0,0,0,"[0,2.5e+03)"
6775888955,4/20/2016,10771,7.71999979019165,7.71999979019165,0,3.76999998092651,1.74000000953674,2.22000002861023,0,70,113,178,1079,3727,2016-04-20,NA,NA,NA,Wednesday,3,FALSE,NA,Active,361,361,1,"[1e+04,1.25e+04)"
6775888955,4/21/2016,0,0,0,0,0,0,0,0,0,0,0,1440,1841,2016-04-21,NA,NA,NA,Thursday,4,FALSE,NA,Sedentary,0,0,0,"[0,2.5e+03)"
6775888955,4/22/2016,637,0.46000000834465,0.46000000834465,0,0,0,0.46000000834465,0,0,0,20,1420,1922,2016-04-22,NA,NA,NA,Friday,5,FALSE,NA,Sedentary,20,20,1,"[0,2.5e+03)"
6775888955,4/23/2016,0,0,0,0,0,0,0,0,0,0,0,1440,1841,2016-04-23,NA,NA,NA,Saturday,6,TRUE,NA,Sedentary,0,0,0,"[0,2.5e+03)"
6775888955,4/24/2016,2153,1.53999996185303,1.53999996185303,0,0.769999980926514,0.620000004768372,0.150000005960464,0,11,18,11,1400,2053,2016-04-24,NA,NA,NA,Sunday,7,TRUE,NA,Sedentary,40,40,1,"[0,2.5e+03)"
6775888955,4/25/2016,6474,4.6399998664856,4.6399998664856,0,2.26999998092651,0.46000000834465,1.89999997615814,0,33,13,92,1302,2484,2016-04-25,NA,NA,NA,Monday,1,FALSE,NA,Low Active,138,138,1,"[5e+03,7.5e+03)"
6775888955,4/26/2016,7091,5.26999998092651,5.26999998092651,1.95959603786469,3.48000001907349,0.870000004768372,0.730000019073486,0,42,30,47,1321,2584,2016-04-26,NA,NA,NA,Tuesday,2,FALSE,NA,Low Active,119,119,1,"[5e+03,7.5e+03)"
6775888955,4/27/2016,0,0,0,0,0,0,0,0,0,0,0,1440,1841,2016-04-27,NA,NA,NA,Wednesday,3,FALSE,NA,Sedentary,0,0,0,"[0,2.5e+03)"
6775888955,4/28/2016,703,0.5,0.5,0,0.0599999986588955,0.200000002980232,0.239999994635582,0,2,13,15,1410,1993,2016-04-28,NA,NA,NA,Thursday,4,FALSE,NA,Sedentary,30,30,1,"[0,2.5e+03)"
6775888955,4/29/2016,0,0,0,0,0,0,0,0,0,0,0,1440,1841,2016-04-29,NA,NA,NA,Friday,5,FALSE,NA,Sedentary,0,0,0,"[0,2.5e+03)"
6775888955,4/30/2016,2503,1.78999996185303,1.78999996185303,0,0.159999996423721,0.159999996423721,1.48000001907349,0,3,9,84,1344,2280,2016-04-30,NA,NA,NA,Saturday,6,TRUE,NA,Sedentary,96,96,1,"[2.5e+03,5e+03)"
6775888955,5/1/2016,2487,1.77999997138977,1.77999997138977,0,0.479999989271164,0.620000004768372,0.680000007152557,0,9,34,50,1347,2319,2016-05-01,NA,NA,NA,Sunday,7,TRUE,NA,Sedentary,93,93,1,"[0,2.5e+03)"
6775888955,5/2/2016,0,0,0,0,0,0,0,0,0,0,0,1440,1841,2016-05-02,NA,NA,NA,Monday,1,FALSE,NA,Sedentary,0,0,0,"[0,2.5e+03)"
6775888955,5/3/2016,9,0.00999999977648258,0.00999999977648258,0,0,0,0.00999999977648258,0,0,0,1,1439,1843,2016-05-03,NA,NA,NA,Tuesday,2,FALSE,NA,Sedentary,1,1,1,"[0,2.5e+03)"
6775888955,5/4/2016,0,0,0,0,0,0,0,0,0,0,0,1440,1841,2016-05-04,NA,NA,NA,Wednesday,3,FALSE,NA,Sedentary,0,0,0,"[0,2.5e+03)"
6775888955,5/5/2016,0,0,0,0,0,0,0,0,0,0,0,1440,1841,2016-05-05,NA,NA,NA,Thursday,4,FALSE,NA,Sedentary,0,0,0,"[0,2.5e+03)"
6775888955,5/6/2016,4697,3.36999988555908,3.36999988555908,0,0.469999998807907,0.930000007152557,1.92999994754791,0,12,35,75,1318,2496,2016-05-06,NA,NA,NA,Friday,5,FALSE,NA,Sedentary,122,122,1,"[2.5e+03,5e+03)"
6775888955,5/7/2016,1967,1.4099999666214,1.4099999666214,0,0.129999995231628,0.239999994635582,1.04999995231628,0,2,5,49,551,1032,2016-05-07,NA,NA,NA,Saturday,6,TRUE,NA,Sedentary,56,889,0.06299212598425197,"[0,2.5e+03)"
6962181067,4/12/2016,10199,6.73999977111816,6.73999977111816,0,3.40000009536743,0.829999983310699,2.50999999046326,0,50,14,189,796,1994,2016-04-12,1,366,387,Tuesday,2,FALSE,0.9457364341085271,Active,253,644,0.39285714285714285,"[1e+04,1.25e+04)"
6962181067,4/13/2016,5652,3.74000000953674,3.74000000953674,0,0.569999992847443,1.21000003814697,1.96000003814697,0,8,24,142,548,1718,2016-04-13,3,630,679,Wednesday,3,FALSE,0.9278350515463918,Low Active,174,892,0.19506726457399104,"[5e+03,7.5e+03)"
6962181067,4/14/2016,1551,1.02999997138977,1.02999997138977,0,0,0,1.02999997138977,0,0,0,86,862,1466,2016-04-14,2,508,535,Thursday,4,FALSE,0.9495327102803738,Sedentary,86,578,0.14878892733564014,"[0,2.5e+03)"
6962181067,4/15/2016,5563,3.6800000667572,3.6800000667572,0,0,0,3.6800000667572,0,0,0,217,837,1756,2016-04-15,1,370,386,Friday,5,FALSE,0.9585492227979274,Low Active,217,603,0.3598673300165838,"[5e+03,7.5e+03)"
6962181067,4/16/2016,13217,8.73999977111816,8.73999977111816,0,3.66000008583069,0.189999997615814,4.88000011444092,0,50,3,280,741,2173,2016-04-16,1,357,366,Saturday,6,TRUE,0.9754098360655737,Highly Active,333,699,0.47639484978540775,"[1.25e+04,1.5e+04)"
6962181067,4/17/2016,10145,6.71000003814697,6.71000003814697,0,0.330000013113022,0.680000007152557,5.69000005722046,0,5,13,295,634,2027,2016-04-17,1,427,446,Sunday,7,TRUE,0.9573991031390134,Active,313,806,0.3883374689826303,"[1e+04,1.25e+04)"
6962181067,4/18/2016,11404,7.53999996185303,7.53999996185303,0,0.829999983310699,2.39000010490417,4.32000017166138,0,13,42,238,689,2039,2016-04-18,1,442,458,Monday,1,FALSE,0.9650655021834061,Active,293,751,0.39014647137150466,"[1e+04,1.25e+04)"
6962181067,4/19/2016,10742,7.09999990463257,7.09999990463257,0,2.09999990463257,2.13000011444092,2.86999988555908,0,35,41,195,659,2046,2016-04-19,1,476,535,Tuesday,2,FALSE,0.8897196261682243,Active,271,781,0.34699103713188223,"[1e+04,1.25e+04)"
6962181067,4/20/2016,13928,9.55000019073486,9.55000019073486,0,4.28000020980835,0.189999997615814,5.09000015258789,0,48,4,297,639,2174,2016-04-20,1,418,424,Wednesday,3,FALSE,0.9858490566037735,Highly Active,349,801,0.43570536828963796,"[1.25e+04,1.5e+04)"
6962181067,4/21/2016,11835,9.71000003814697,7.88000011444092,4.08169221878052,3.99000000953674,2.09999990463257,3.50999999046326,0.109999999403954,53,27,214,708,2179,2016-04-21,1,451,457,Thursday,4,FALSE,0.986870897155361,Active,294,732,0.4016393442622951,"[1e+04,1.25e+04)"
6962181067,4/22/2016,10725,7.09000015258789,7.09000015258789,0,1.76999998092651,1.54999995231628,3.76999998092651,0,30,33,240,659,2086,2016-04-22,1,425,435,Friday,5,FALSE,0.9770114942528736,Active,303,781,0.3879641485275288,"[1e+04,1.25e+04)"
6962181067,4/23/2016,20031,13.2399997711182,13.2399997711182,0,4.19999980926514,2,7.03999996185303,0,58,41,347,484,2571,2016-04-23,1,528,546,Saturday,6,TRUE,0.967032967032967,Highly Active,446,956,0.4665271966527197,"[2e+04,2.25e+04)"
6962181067,4/24/2016,5029,3.3199999332428,3.3199999332428,0,0,0,3.3199999332428,0,0,0,199,720,1705,2016-04-24,1,511,514,Sunday,7,TRUE,0.9941634241245136,Low Active,199,720,0.2763888888888889,"[5e+03,7.5e+03)"
6962181067,4/25/2016,13239,9.27000045776367,9.07999992370605,2.78517508506775,3.01999998092651,1.67999994754791,4.46000003814697,0.100000001490116,35,31,282,637,2194,2016-04-25,1,400,415,Monday,1,FALSE,0.963855421686747,Highly Active,348,803,0.43337484433374845,"[1.25e+04,1.5e+04)"
6962181067,4/26/2016,10433,6.90000009536743,6.90000009536743,0,2.57999992370605,0.419999986886978,3.90000009536743,0,36,7,254,680,2012,2016-04-26,1,441,446,Tuesday,2,FALSE,0.9887892376681614,Active,297,760,0.3907894736842105,"[1e+04,1.25e+04)"
6962181067,4/27/2016,10320,6.82000017166138,6.82000017166138,0,0.550000011920929,2.01999998092651,4.25,0,7,38,279,697,2034,2016-04-27,1,455,467,Wednesday,3,FALSE,0.974304068522484,Active,324,743,0.4360699865410498,"[1e+04,1.25e+04)"
6962181067,4/28/2016,12627,8.35000038146973,8.35000038146973,0,2.50999999046326,0.239999994635582,5.59000015258789,0,38,8,288,621,2182,2016-04-28,1,440,453,Thursday,4,FALSE,0.9713024282560706,Highly Active,334,819,0.4078144078144078,"[1.25e+04,1.5e+04)"
6962181067,4/29/2016,10762,7.1100001335144,7.1100001335144,0,0.819999992847443,0.479999989271164,5.80999994277954,0,12,15,369,645,2254,2016-04-29,1,433,447,Friday,5,FALSE,0.9686800894854586,Active,396,795,0.4981132075471698,"[1e+04,1.25e+04)"
6962181067,4/30/2016,10081,6.65999984741211,6.65999984741211,0,2.24000000953674,0.759999990463257,3.67000007629395,0,32,16,237,731,2002,2016-04-30,1,422,424,Saturday,6,TRUE,0.9952830188679245,Active,285,709,0.4019746121297602,"[1e+04,1.25e+04)"
6962181067,5/1/2016,5454,3.60999989509583,3.60999989509583,0,0,0,3.60999989509583,0,0,0,215,722,1740,2016-05-01,1,411,426,Sunday,7,TRUE,0.9647887323943662,Low Active,215,718,0.2994428969359331,"[5e+03,7.5e+03)"
6962181067,5/2/2016,12912,8.53999996185303,8.53999996185303,0,1.20000004768372,2,5.34000015258789,0,18,39,313,655,2162,2016-05-02,1,466,482,Monday,1,FALSE,0.966804979253112,Highly Active,370,785,0.4713375796178344,"[1.25e+04,1.5e+04)"
6962181067,5/3/2016,12109,8.11999988555908,8.11999988555908,0,1.74000000953674,2.03999996185303,4.32999992370605,0,21,36,267,654,2072,2016-05-03,1,394,418,Tuesday,2,FALSE,0.9425837320574163,Active,324,786,0.4122137404580153,"[1e+04,1.25e+04)"
6962181067,5/4/2016,10147,6.71000003814697,6.71000003814697,0,0.469999998807907,1.67999994754791,4.55000019073486,0,15,36,284,683,2086,2016-05-04,1,442,455,Wednesday,3,FALSE,0.9714285714285714,Active,335,757,0.4425363276089828,"[1e+04,1.25e+04)"
6962181067,5/5/2016,10524,6.96000003814697,6.96000003814697,0,0.990000009536743,1.1599999666214,4.80999994277954,0,14,22,305,591,2066,2016-05-05,1,467,491,Thursday,4,FALSE,0.9511201629327902,Active,341,849,0.4016489988221437,"[1e+04,1.25e+04)"
6962181067,5/6/2016,5908,3.91000008583069,3.91000008583069,0,0,0,3.91000008583069,0,0,0,299,717,1850,2016-05-06,1,443,462,Friday,5,FALSE,0.9588744588744589,Low Active,299,723,0.4135546334716459,"[5e+03,7.5e+03)"
6962181067,5/7/2016,6815,4.5,4.5,0,0,0,4.5,0,0,0,328,745,1947,2016-05-07,1,298,334,Saturday,6,TRUE,0.8922155688622755,Low Active,328,695,0.4719424460431655,"[5e+03,7.5e+03)"
6962181067,5/8/2016,4188,2.76999998092651,2.76999998092651,0,0,0.519999980926514,2.25,0,0,14,151,709,1659,2016-05-08,1,541,569,Sunday,7,TRUE,0.9507908611599297,Sedentary,165,731,0.22571819425444598,"[2.5e+03,5e+03)"
6962181067,5/9/2016,12342,8.72000026702881,8.68000030517578,3.16782188415527,3.90000009536743,1.17999994754791,3.65000009536743,0,43,21,231,607,2105,2016-05-09,1,489,497,Monday,1,FALSE,0.9839034205231388,Active,295,833,0.35414165666266506,"[1e+04,1.25e+04)"
6962181067,5/10/2016,15448,10.210000038147,10.210000038147,0,3.47000002861023,1.75,4.98999977111816,0,62,34,275,626,2361,2016-05-10,1,469,481,Tuesday,2,FALSE,0.975051975051975,Highly Active,371,814,0.4557739557739558,"[1.5e+04,1.75e+04)"
6962181067,5/11/2016,6722,4.44000005722046,4.44000005722046,0,1.49000000953674,0.310000002384186,2.65000009536743,0,24,7,199,709,1855,2016-05-11,1,452,480,Wednesday,3,FALSE,0.9416666666666667,Low Active,230,731,0.3146374829001368,"[5e+03,7.5e+03)"
6962181067,5/12/2016,3587,2.36999988555908,2.36999988555908,0,0,0.25,2.10999989509583,0,0,8,105,127,928,2016-05-12,1,516,535,Thursday,4,FALSE,0.9644859813084112,Sedentary,113,1313,0.08606245239908607,"[2.5e+03,5e+03)"
7007744171,4/12/2016,14172,10.289999961853,9.47999954223633,4.8697829246521,4.5,0.379999995231628,5.40999984741211,0,53,8,355,1024,2937,2016-04-12,NA,NA,NA,Tuesday,2,FALSE,NA,Highly Active,416,416,1,"[1.25e+04,1.5e+04)"
7007744171,4/13/2016,12862,9.64999961853027,8.60000038146973,4.8513069152832,4.6100001335144,0.560000002384186,4.48000001907349,0,56,22,261,1101,2742,2016-04-13,NA,NA,NA,Wednesday,3,FALSE,NA,Highly Active,339,339,1,"[1.25e+04,1.5e+04)"
7007744171,4/14/2016,11179,8.23999977111816,7.48000001907349,3.28541493415833,2.95000004768372,0.340000003576279,4.96000003814697,0,34,6,304,1096,2668,2016-04-14,NA,NA,NA,Thursday,4,FALSE,NA,Active,344,344,1,"[1e+04,1.25e+04)"
7007744171,4/15/2016,5273,3.52999997138977,3.52999997138977,0,0,0,3.52999997138977,0,0,0,202,1238,2098,2016-04-15,NA,NA,NA,Friday,5,FALSE,NA,Low Active,202,202,1,"[5e+03,7.5e+03)"
7007744171,4/16/2016,4631,3.09999990463257,3.09999990463257,0,0,0,3.09999990463257,0,0,0,203,1155,2076,2016-04-16,1,79,82,Saturday,6,TRUE,0.9634146341463414,Sedentary,203,285,0.712280701754386,"[2.5e+03,5e+03)"
7007744171,4/17/2016,8059,5.3899998664856,5.3899998664856,0,0,0,5.3899998664856,0,0,0,305,1135,2383,2016-04-17,NA,NA,NA,Sunday,7,TRUE,NA,Somewhat Active,305,305,1,"[7.5e+03,1e+04)"
7007744171,4/18/2016,14816,10.9799995422363,9.90999984741211,4.93055009841919,3.78999996185303,2.11999988555908,5.05000019073486,0.0199999995529652,48,31,284,1077,2832,2016-04-18,NA,NA,NA,Monday,1,FALSE,NA,Highly Active,363,363,1,"[1.25e+04,1.5e+04)"
7007744171,4/19/2016,14194,10.4799995422363,9.5,4.94214200973511,4.40999984741211,0.759999990463257,5.30999994277954,0,53,17,304,1066,2812,2016-04-19,NA,NA,NA,Tuesday,2,FALSE,NA,Highly Active,374,374,1,"[1.25e+04,1.5e+04)"
7007744171,4/20/2016,15566,11.3100004196167,10.4099998474121,4.92484092712402,4.78999996185303,0.670000016689301,5.8600001335144,0,60,33,347,1000,3096,2016-04-20,NA,NA,NA,Wednesday,3,FALSE,NA,Highly Active,440,440,1,"[1.5e+04,1.75e+04)"
7007744171,4/21/2016,13744,9.1899995803833,9.1899995803833,0,2.15000009536743,1.87000000476837,5.17000007629395,0,30,34,327,1049,2763,2016-04-21,NA,NA,NA,Thursday,4,FALSE,NA,Highly Active,391,391,1,"[1.25e+04,1.5e+04)"
7007744171,4/22/2016,15299,10.2399997711182,10.2399997711182,0,4.09999990463257,1.75999999046326,4.36999988555908,0,64,50,261,1065,2889,2016-04-22,NA,NA,NA,Friday,5,FALSE,NA,Highly Active,375,375,1,"[1.5e+04,1.75e+04)"
7007744171,4/23/2016,8093,5.40999984741211,5.40999984741211,0,0.129999995231628,1.12999999523163,4.15000009536743,0,2,25,223,1190,2284,2016-04-23,NA,NA,NA,Saturday,6,TRUE,NA,Somewhat Active,250,250,1,"[7.5e+03,1e+04)"
7007744171,4/24/2016,11085,7.42000007629395,7.42000007629395,0,0,0,7.42000007629395,0,0,0,419,1021,2667,2016-04-24,NA,NA,NA,Sunday,7,TRUE,NA,Active,419,419,1,"[1e+04,1.25e+04)"
7007744171,4/25/2016,18229,13.3400001525879,12.1999998092651,4.86179208755493,4.30999994277954,1.37000000476837,7.67000007629395,0,51,24,379,986,3055,2016-04-25,NA,NA,NA,Monday,1,FALSE,NA,Highly Active,454,454,1,"[1.75e+04,2e+04)"
7007744171,4/26/2016,15090,10.1000003814697,10.1000003814697,0,0.930000007152557,0.939999997615814,8.22999954223633,0,16,22,424,978,2939,2016-04-26,NA,NA,NA,Tuesday,2,FALSE,NA,Highly Active,462,462,1,"[1.5e+04,1.75e+04)"
7007744171,4/27/2016,13541,10.2200002670288,9.0600004196167,4.88560485839844,4.26999998092651,0.660000026226044,5.28999996185303,0,50,12,337,1041,2830,2016-04-27,NA,NA,NA,Wednesday,3,FALSE,NA,Highly Active,399,399,1,"[1.25e+04,1.5e+04)"
7007744171,4/28/2016,15128,10.1199998855591,10.1199998855591,0,1.0900000333786,0.769999980926514,8.26000022888184,0,16,16,401,1007,2836,2016-04-28,NA,NA,NA,Thursday,4,FALSE,NA,Highly Active,433,433,1,"[1.5e+04,1.75e+04)"
7007744171,4/29/2016,20067,14.3000001907349,13.4200000762939,4.91114616394043,4.30999994277954,2.04999995231628,7.94999980926514,0,55,42,382,961,3180,2016-04-29,NA,NA,NA,Friday,5,FALSE,NA,Highly Active,479,479,1,"[2e+04,2.25e+04)"
7007744171,4/30/2016,3761,2.51999998092651,2.51999998092651,0,0,0,2.51999998092651,0,0,0,200,1240,2051,2016-04-30,NA,NA,NA,Saturday,6,TRUE,NA,Sedentary,200,200,1,"[2.5e+03,5e+03)"
7007744171,5/1/2016,5600,3.75,3.75,0,0,0,3.75,0,0,0,237,1142,2225,2016-05-01,1,58,61,Sunday,7,TRUE,0.9508196721311475,Low Active,237,298,0.7953020134228188,"[5e+03,7.5e+03)"
7007744171,5/2/2016,13041,9.18000030517578,8.72000026702881,2.83232593536377,4.6399998664856,0.699999988079071,3.82999992370605,0,64,14,250,1112,2642,2016-05-02,NA,NA,NA,Monday,1,FALSE,NA,Highly Active,328,328,1,"[1.25e+04,1.5e+04)"
7007744171,5/3/2016,14510,10.8699998855591,9.71000003814697,4.91236782073975,4.48000001907349,1.01999998092651,5.3600001335144,0,58,31,330,1021,2976,2016-05-03,NA,NA,NA,Tuesday,2,FALSE,NA,Highly Active,419,419,1,"[1.25e+04,1.5e+04)"
7007744171,5/4/2016,0,0,0,0,0,0,0,0,0,0,0,1440,1557,2016-05-04,NA,NA,NA,Wednesday,3,FALSE,NA,Sedentary,0,0,0,"[0,2.5e+03)"
7007744171,5/5/2016,15010,11.1000003814697,10.039999961853,4.8782320022583,4.32999992370605,1.28999996185303,5.48000001907349,0,53,23,317,1047,2933,2016-05-05,NA,NA,NA,Thursday,4,FALSE,NA,Highly Active,393,393,1,"[1.5e+04,1.75e+04)"
7007744171,5/6/2016,11459,7.67000007629395,7.67000007629395,0,3,0.810000002384186,3.85999989509583,0,44,13,247,1136,2553,2016-05-06,NA,NA,NA,Friday,5,FALSE,NA,Active,304,304,1,"[1e+04,1.25e+04)"
7007744171,5/7/2016,0,0,0,0,0,0,0,0,0,0,0,111,120,2016-05-07,NA,NA,NA,Saturday,6,TRUE,NA,Sedentary,0,1329,0,"[0,2.5e+03)"
7086361926,4/12/2016,11317,8.40999984741211,8.40999984741211,0,5.26999998092651,0.150000005960464,2.97000002861023,0,59,6,153,745,2772,2016-04-12,1,514,525,Tuesday,2,FALSE,0.97904761904761906,Active,218,695,0.31366906474820144,"[1e+04,1.25e+04)"
7086361926,4/13/2016,5813,3.61999988555908,3.61999988555908,0,0.560000002384186,0.209999993443489,2.83999991416931,0,31,26,155,744,2516,2016-04-13,1,451,465,Wednesday,3,FALSE,0.9698924731182795,Low Active,212,696,0.3045977011494253,"[5e+03,7.5e+03)"
7086361926,4/14/2016,9123,6.11999988555908,6.11999988555908,0,2.02999997138977,0.330000013113022,3.66000008583069,0,35,32,189,787,2734,2016-04-14,1,472,476,Thursday,4,FALSE,0.9915966386554622,Somewhat Active,256,653,0.39203675344563554,"[7.5e+03,1e+04)"
7086361926,4/15/2016,8585,5.67000007629395,5.67000007629395,0,2.03999996185303,1.11000001430511,2.52999997138977,0,30,21,139,864,2395,2016-04-15,1,377,386,Friday,5,FALSE,0.9766839378238342,Somewhat Active,190,576,0.3298611111111111,"[7.5e+03,1e+04)"
7086361926,4/16/2016,31,0.00999999977648258,0.00999999977648258,0,0,0,0.00999999977648258,0,0,0,3,1437,1635,2016-04-16,NA,NA,NA,Saturday,6,TRUE,NA,Sedentary,3,3,1,"[0,2.5e+03)"
7086361926,4/17/2016,0,0,0,0,0,0,0,0,0,0,0,1440,1629,2016-04-17,NA,NA,NA,Sunday,7,TRUE,NA,Sedentary,0,0,0,"[0,2.5e+03)"
7086361926,4/18/2016,9827,6.71000003814697,6.71000003814697,0,3.17000007629395,1.22000002861023,2.30999994277954,0,61,51,114,1136,2743,2016-04-18,NA,NA,NA,Monday,1,FALSE,NA,Somewhat Active,226,304,0.743421052631579,"[7.5e+03,1e+04)"
7086361926,4/19/2016,10688,7.28999996185303,7.28999996185303,0,3.52999997138977,1.23000001907349,2.50999999046326,0,67,69,124,671,2944,2016-04-19,1,472,483,Tuesday,2,FALSE,0.9772256728778468,Active,260,769,0.3381014304291287,"[1e+04,1.25e+04)"
7086361926,4/20/2016,14365,10.6400003433228,10.6400003433228,0,7.6399998664856,0.449999988079071,2.53999996185303,0,87,13,145,797,2997,2016-04-20,1,492,502,Wednesday,3,FALSE,0.9800796812749004,Highly Active,245,643,0.3810264385692068,"[1.25e+04,1.5e+04)"
7086361926,4/21/2016,9469,6.17999982833862,6.17999982833862,0,1.36000001430511,0.300000011920929,4.51000022888184,0,19,6,206,758,2463,2016-04-21,1,390,411,Thursday,4,FALSE,0.948905109489051,Somewhat Active,231,682,0.3387096774193548,"[7.5e+03,1e+04)"
7086361926,4/22/2016,9753,6.53000020980835,6.53000020980835,0,2.86999988555908,0.970000028610229,2.67000007629395,0,58,59,153,762,2846,2016-04-22,1,428,448,Friday,5,FALSE,0.9553571428571429,Somewhat Active,270,678,0.39823008849557523,"[7.5e+03,1e+04)"
7086361926,4/23/2016,2817,1.80999994277954,1.80999994277954,0,0,0,1.79999995231628,0,0,0,90,1350,1965,2016-04-23,NA,NA,NA,Saturday,6,TRUE,NA,Sedentary,90,90,1,"[2.5e+03,5e+03)"
7086361926,4/24/2016,3520,2.16000008583069,2.16000008583069,0,0,0,2.15000009536743,0,0,0,125,566,2049,2016-04-24,1,681,704,Sunday,7,TRUE,0.9673295454545454,Sedentary,125,874,0.14302059496567507,"[2.5e+03,5e+03)"
7086361926,4/25/2016,10091,6.82000017166138,6.82000017166138,0,3.75,0.699999988079071,2.36999988555908,0,69,39,129,706,2752,2016-04-25,1,446,447,Monday,1,FALSE,0.9977628635346756,Active,237,734,0.3228882833787466,"[1e+04,1.25e+04)"
7086361926,4/26/2016,10387,7.07000017166138,7.07000017166138,0,4.15999984741211,0.769999980926514,2.11999988555908,0,70,33,132,726,2781,2016-04-26,1,485,500,Tuesday,2,FALSE,0.97,Active,235,714,0.3291316526610644,"[1e+04,1.25e+04)"
7086361926,4/27/2016,11107,8.34000015258789,8.34000015258789,0,5.63000011444092,0.180000007152557,2.52999997138977,0,55,6,145,829,2693,2016-04-27,1,469,479,Wednesday,3,FALSE,0.9791231732776617,Active,206,611,0.337152209492635,"[1e+04,1.25e+04)"
7086361926,4/28/2016,11584,7.80000019073486,7.80000019073486,0,2.78999996185303,1.63999998569489,3.35999989509583,0,54,48,161,810,2862,2016-04-28,1,354,367,Thursday,4,FALSE,0.9645776566757494,Active,263,630,0.4174603174603175,"[1e+04,1.25e+04)"
7086361926,4/29/2016,7881,4.94999980926514,4.94999980926514,0,0.490000009536743,0.449999988079071,4,0,24,36,182,1198,2616,2016-04-29,NA,NA,NA,Friday,5,FALSE,NA,Somewhat Active,242,242,1,"[7.5e+03,1e+04)"
7086361926,4/30/2016,14560,9.40999984741211,9.40999984741211,0,3.11999988555908,1.03999996185303,5.23999977111816,0,42,17,308,584,2995,2016-04-30,1,485,489,Saturday,6,TRUE,0.9918200408997955,Highly Active,367,856,0.4287383177570093,"[1.25e+04,1.5e+04)"
7086361926,5/1/2016,12390,8.06999969482422,8.06999969482422,0,2.29999995231628,0.899999976158142,4.84999990463257,0,30,15,258,685,2730,2016-05-01,1,388,407,Sunday,7,TRUE,0.9533169533169533,Active,303,755,0.4013245033112583,"[1e+04,1.25e+04)"
7086361926,5/2/2016,10052,6.80999994277954,6.80999994277954,0,3.48000001907349,0.660000026226044,2.66000008583069,0,66,26,139,737,2754,2016-05-02,1,440,459,Monday,1,FALSE,0.9586056644880174,Active,231,703,0.3285917496443812,"[1e+04,1.25e+04)"
7086361926,5/3/2016,10288,6.76000022888184,6.76000022888184,0,2.74000000953674,0.850000023841858,3.16000008583069,0,57,36,152,761,2754,2016-05-03,1,456,461,Tuesday,2,FALSE,0.9891540130151844,Active,245,679,0.36082474226804123,"[1e+04,1.25e+04)"
7086361926,5/4/2016,10988,8.3100004196167,8.3100004196167,0,5.28000020980835,0.119999997317791,2.90000009536743,0,45,12,135,843,2655,2016-05-04,1,420,436,Wednesday,3,FALSE,0.963302752293578,Active,192,597,0.32160804020100503,"[1e+04,1.25e+04)"
7086361926,5/5/2016,8564,5.59999990463257,5.59999990463257,0,1.77999997138977,0.829999983310699,2.95000004768372,0,24,14,149,1253,2386,2016-05-05,NA,NA,NA,Thursday,4,FALSE,NA,Somewhat Active,187,187,1,"[7.5e+03,1e+04)"
7086361926,5/6/2016,12461,8.38000011444092,8.38000011444092,0,3.8199999332428,1.42999994754791,3.11999988555908,0,84,35,154,834,2924,2016-05-06,1,322,333,Friday,5,FALSE,0.9669669669669669,Active,273,606,0.4504950495049505,"[1e+04,1.25e+04)"
7086361926,5/7/2016,12827,8.47999954223633,8.47999954223633,0,1.46000003814697,2.32999992370605,4.67999982833862,0,20,42,209,621,2739,2016-05-07,1,530,548,Saturday,6,TRUE,0.9671532846715328,Highly Active,271,819,0.3308913308913309,"[1.25e+04,1.5e+04)"
7086361926,5/8/2016,10677,7.09999990463257,7.09999990463257,0,2.30999994277954,1.52999997138977,3.25,0,32,27,147,695,2534,2016-05-08,1,481,510,Sunday,7,TRUE,0.9431372549019608,Active,206,745,0.276510067114094,"[1e+04,1.25e+04)"
7086361926,5/9/2016,13566,9.10999965667725,9.10999965667725,0,4.26000022888184,1.71000003814697,3.11999988555908,0,67,50,171,743,2960,2016-05-09,1,427,438,Monday,1,FALSE,0.9748858447488584,Highly Active,288,697,0.4131994261119082,"[1.25e+04,1.5e+04)"
7086361926,5/10/2016,14433,10.789999961853,10.789999961853,0,7.1100001335144,1.20000004768372,2.45000004768372,0,72,23,106,1182,2800,2016-05-10,NA,NA,NA,Tuesday,2,FALSE,NA,Highly Active,201,258,0.7790697674418605,"[1.25e+04,1.5e+04)"
7086361926,5/11/2016,9572,6.51999998092651,6.51999998092651,0,2.89000010490417,1.38999998569489,2.23000001907349,0,57,40,128,757,2735,2016-05-11,1,451,463,Wednesday,3,FALSE,0.9740820734341252,Somewhat Active,225,683,0.3294289897510981,"[7.5e+03,1e+04)"
7086361926,5/12/2016,3789,2.55999994277954,2.55999994277954,0,0.379999995231628,0.270000010728836,1.88999998569489,0,5,4,58,343,1199,2016-05-12,1,444,457,Thursday,4,FALSE,0.9715536105032823,Sedentary,67,1097,0.061075660893345485,"[2.5e+03,5e+03)"
8053475328,4/12/2016,18060,14.1199998855591,14.1199998855591,0,11.6400003433228,0.389999985694885,2.09999990463257,0,116,8,123,1193,3186,2016-04-12,NA,NA,NA,Tuesday,2,FALSE,NA,Highly Active,247,247,1,"[1.75e+04,2e+04)"
8053475328,4/13/2016,16433,13.3500003814697,13.3500003814697,0,10.4300003051758,0.469999998807907,2.45000004768372,0,95,12,156,1177,3140,2016-04-13,NA,NA,NA,Wednesday,3,FALSE,NA,Highly Active,263,263,1,"[1.5e+04,1.75e+04)"
8053475328,4/14/2016,20159,15.9700002670288,15.9700002670288,0,12.3400001525879,0.209999993443489,3.35999989509583,0,119,5,193,1123,3411,2016-04-14,NA,NA,NA,Thursday,4,FALSE,NA,Highly Active,317,317,1,"[2e+04,2.25e+04)"
8053475328,4/15/2016,20669,16.2399997711182,16.2399997711182,0,13.2600002288818,0.389999985694885,2.58999991416931,0,132,8,158,1142,3410,2016-04-15,NA,NA,NA,Friday,5,FALSE,NA,Highly Active,298,298,1,"[2e+04,2.25e+04)"
8053475328,4/16/2016,14549,11.1099996566772,11.1099996566772,0,9.35999965667725,0.270000010728836,1.49000000953674,0,96,6,83,1255,2867,2016-04-16,NA,NA,NA,Saturday,6,TRUE,NA,Highly Active,185,185,1,"[1.25e+04,1.5e+04)"
8053475328,4/17/2016,18827,13.6899995803833,13.6899995803833,0,9.23999977111816,0.800000011920929,3.64000010490417,0,111,21,195,1113,3213,2016-04-17,NA,NA,NA,Sunday,7,TRUE,NA,Highly Active,327,327,1,"[1.75e+04,2e+04)"
8053475328,4/18/2016,17076,12.6599998474121,12.6599998474121,0,9.07999992370605,0.230000004172325,3.34999990463257,0,102,6,195,1137,3133,2016-04-18,NA,NA,NA,Monday,1,FALSE,NA,Highly Active,303,303,1,"[1.5e+04,1.75e+04)"
8053475328,4/19/2016,15929,12.4799995422363,12.4799995422363,0,9.22000026702881,0.310000002384186,2.95000004768372,0,90,7,191,1152,3114,2016-04-19,NA,NA,NA,Tuesday,2,FALSE,NA,Highly Active,288,288,1,"[1.5e+04,1.75e+04)"
8053475328,4/20/2016,15108,12.1899995803833,12.1899995803833,0,9.57999992370605,0.230000004172325,2.38000011444092,0,89,5,158,695,3043,2016-04-20,1,486,493,Wednesday,3,FALSE,0.9858012170385395,Highly Active,252,745,0.338255033557047,"[1.5e+04,1.75e+04)"
8053475328,4/21/2016,16057,12.5100002288818,12.5100002288818,0,9.67000007629395,0.25,2.57999992370605,0,100,6,170,1164,3103,2016-04-21,NA,NA,NA,Thursday,4,FALSE,NA,Highly Active,276,276,1,"[1.5e+04,1.75e+04)"
8053475328,4/22/2016,10520,8.28999996185303,8.28999996185303,0,6.26000022888184,0.150000005960464,1.87999999523163,0,60,3,117,1260,2655,2016-04-22,NA,NA,NA,Friday,5,FALSE,NA,Active,180,180,1,"[1e+04,1.25e+04)"
8053475328,4/23/2016,22359,17.1900005340576,17.1900005340576,0,12.539999961853,0.629999995231628,4.01999998092651,0,125,14,223,741,3554,2016-04-23,1,331,337,Saturday,6,TRUE,0.9821958456973294,Highly Active,362,699,0.5178826895565093,"[2e+04,2.25e+04)"
8053475328,4/24/2016,22988,17.9500007629395,17.9500007629395,0,13.1300001144409,1.54999995231628,3.25999999046326,0,129,33,182,1096,3577,2016-04-24,NA,NA,NA,Sunday,7,TRUE,NA,Highly Active,344,344,1,"[2.25e+04,2.5e+04)"
8053475328,4/25/2016,20500,15.6899995803833,15.6899995803833,0,11.3699998855591,0.46000000834465,3.85999989509583,0,118,9,209,1104,3403,2016-04-25,NA,NA,NA,Monday,1,FALSE,NA,Highly Active,336,336,1,"[2e+04,2.25e+04)"
8053475328,4/26/2016,12685,9.61999988555908,9.61999988555908,0,6.30999994277954,0.200000002980232,3.09999990463257,0,68,5,185,1182,2846,2016-04-26,NA,NA,NA,Tuesday,2,FALSE,NA,Highly Active,258,258,1,"[1.25e+04,1.5e+04)"
8053475328,4/27/2016,12422,9.81999969482422,9.81999969482422,0,6.46000003814697,0.430000007152557,2.9300000667572,0,60,10,183,1187,2852,2016-04-27,NA,NA,NA,Wednesday,3,FALSE,NA,Active,253,253,1,"[1e+04,1.25e+04)"
8053475328,4/28/2016,15447,12.3999996185303,12.3999996185303,0,9.67000007629395,0.389999985694885,2.34999990463257,0,90,9,153,1188,3062,2016-04-28,NA,NA,NA,Thursday,4,FALSE,NA,Highly Active,252,252,1,"[1.5e+04,1.75e+04)"
8053475328,4/29/2016,12315,9.64999961853027,9.64999961853027,0,6.17000007629395,0.310000002384186,3.17000007629395,0,58,8,159,1215,2794,2016-04-29,NA,NA,NA,Friday,5,FALSE,NA,Active,225,225,1,"[1e+04,1.25e+04)"
8053475328,4/30/2016,7135,5.59000015258789,5.59000015258789,0,2.99000000953674,0.0599999986588955,2.53999996185303,0,27,1,131,1281,2408,2016-04-30,NA,NA,NA,Saturday,6,TRUE,NA,Low Active,159,159,1,"[5e+03,7.5e+03)"
8053475328,5/1/2016,1170,0.850000023841858,0.850000023841858,0,0,0,0.850000023841858,0,0,0,51,1389,1886,2016-05-01,NA,NA,NA,Sunday,7,TRUE,NA,Sedentary,51,51,1,"[0,2.5e+03)"
8053475328,5/2/2016,1969,1.42999994754791,1.42999994754791,0,0,0,1.42999994754791,0,0,0,95,1345,1988,2016-05-02,NA,NA,NA,Monday,1,FALSE,NA,Sedentary,95,95,1,"[0,2.5e+03)"
8053475328,5/3/2016,15484,11.8999996185303,11.8999996185303,0,8.39000034332275,0.930000007152557,2.58999991416931,0,87,22,165,1166,3023,2016-05-03,NA,NA,NA,Tuesday,2,FALSE,NA,Highly Active,274,274,1,"[1.5e+04,1.75e+04)"
8053475328,5/4/2016,14581,11.1499996185303,11.1499996185303,0,8.81999969482422,0.400000005960464,1.9099999666214,0,89,8,123,1220,2918,2016-05-04,NA,NA,NA,Wednesday,3,FALSE,NA,Highly Active,220,220,1,"[1.25e+04,1.5e+04)"
8053475328,5/5/2016,14990,11.5100002288818,11.5100002288818,0,8.85000038146973,0.449999988079071,2.21000003814697,0,93,9,130,1208,2950,2016-05-05,NA,NA,NA,Thursday,4,FALSE,NA,Highly Active,232,232,1,"[1.25e+04,1.5e+04)"
8053475328,5/6/2016,13953,11,11,0,9.10000038146973,0.689999997615814,1.21000003814697,0,90,15,90,1245,2859,2016-05-06,NA,NA,NA,Friday,5,FALSE,NA,Highly Active,195,195,1,"[1.25e+04,1.5e+04)"
8053475328,5/7/2016,19769,15.6700000762939,15.6700000762939,0,12.4399995803833,0.879999995231628,2.34999990463257,0,121,20,148,1076,3331,2016-05-07,1,74,75,Saturday,6,TRUE,0.9866666666666667,Highly Active,289,364,0.7939560439560439,"[1.75e+04,2e+04)"
8053475328,5/8/2016,22026,17.6499996185303,17.6499996185303,0,13.3999996185303,0.589999973773956,3.66000008583069,0,125,14,228,1073,3589,2016-05-08,NA,NA,NA,Sunday,7,TRUE,NA,Highly Active,367,367,1,"[2e+04,2.25e+04)"
8053475328,5/9/2016,12465,9.38000011444092,9.38000011444092,0,6.11999988555908,0.569999992847443,2.69000005722046,0,66,12,148,1214,2765,2016-05-09,NA,NA,NA,Monday,1,FALSE,NA,Active,226,226,1,"[1e+04,1.25e+04)"
8053475328,5/10/2016,14810,11.3599996566772,11.3599996566772,0,9.09000015258789,0.419999986886978,1.85000002384186,0,96,10,115,1219,2926,2016-05-10,NA,NA,NA,Tuesday,2,FALSE,NA,Highly Active,221,221,1,"[1.25e+04,1.5e+04)"
8053475328,5/11/2016,12209,9.39999961853027,9.39999961853027,0,6.07999992370605,0.280000001192093,3.03999996185303,0,60,7,184,1189,2809,2016-05-11,NA,NA,NA,Wednesday,3,FALSE,NA,Active,251,251,1,"[1e+04,1.25e+04)"
8053475328,5/12/2016,4998,3.91000008583069,3.91000008583069,0,2.95000004768372,0.200000002980232,0.759999990463257,0,28,4,39,839,1505,2016-05-12,NA,NA,NA,Thursday,4,FALSE,NA,Sedentary,71,601,0.11813643926788686,"[2.5e+03,5e+03)"
8253242879,4/12/2016,9033,7.15999984741211,7.15999984741211,0,5.42999982833862,0.140000000596046,1.5900000333786,0,40,2,154,1244,2044,2016-04-12,NA,NA,NA,Tuesday,2,FALSE,NA,Somewhat Active,196,196,1,"[7.5e+03,1e+04)"
8253242879,4/13/2016,8053,6.09999990463257,6.09999990463257,0,4.17000007629395,0.629999995231628,1.30999994277954,0,35,11,96,1298,1935,2016-04-13,NA,NA,NA,Wednesday,3,FALSE,NA,Somewhat Active,142,142,1,"[7.5e+03,1e+04)"
8253242879,4/14/2016,5234,3.46000003814697,3.46000003814697,0,1.92999994754791,0.990000009536743,0.540000021457672,0,29,16,33,1362,1705,2016-04-14,NA,NA,NA,Thursday,4,FALSE,NA,Low Active,78,78,1,"[5e+03,7.5e+03)"
8253242879,4/15/2016,2672,1.76999998092651,1.76999998092651,0,0,0,1.75999999046326,0,0,0,105,1335,1632,2016-04-15,NA,NA,NA,Friday,5,FALSE,NA,Sedentary,105,105,1,"[2.5e+03,5e+03)"
8253242879,4/16/2016,9256,6.1399998664856,6.1399998664856,0,0.430000007152557,3.26999998092651,2.45000004768372,0,6,51,115,1268,1880,2016-04-16,NA,NA,NA,Saturday,6,TRUE,NA,Somewhat Active,172,172,1,"[7.5e+03,1e+04)"
8253242879,4/17/2016,10204,7.90999984741211,7.90999984741211,0,5.42999982833862,0.150000005960464,2.32999992370605,0,41,5,157,1237,2112,2016-04-17,NA,NA,NA,Sunday,7,TRUE,NA,Active,203,203,1,"[1e+04,1.25e+04)"
8253242879,4/18/2016,5151,3.48000001907349,3.48000001907349,0,1.03999996185303,0.629999995231628,1.79999995231628,0,16,16,130,1278,1829,2016-04-18,NA,NA,NA,Monday,1,FALSE,NA,Low Active,162,162,1,"[5e+03,7.5e+03)"
8253242879,4/19/2016,4212,2.77999997138977,2.77999997138977,0,0,0,2.77999997138977,0,0,0,164,1276,1763,2016-04-19,NA,NA,NA,Tuesday,2,FALSE,NA,Sedentary,164,164,1,"[2.5e+03,5e+03)"
8253242879,4/20/2016,6466,4.26999998092651,4.26999998092651,0,0.330000013113022,0.819999992847443,3.10999989509583,0.00999999977648258,5,18,216,1201,1931,2016-04-20,NA,NA,NA,Wednesday,3,FALSE,NA,Low Active,239,239,1,"[5e+03,7.5e+03)"
8253242879,4/21/2016,11268,8.5600004196167,8.5600004196167,0,5.88000011444092,0.930000007152557,1.75,0,49,20,172,1199,2218,2016-04-21,NA,NA,NA,Thursday,4,FALSE,NA,Active,241,241,1,"[1e+04,1.25e+04)"
8253242879,4/22/2016,2824,1.87000000476837,1.87000000476837,0,0,0,1.87000000476837,0,0,0,120,1320,1651,2016-04-22,NA,NA,NA,Friday,5,FALSE,NA,Sedentary,120,120,1,"[2.5e+03,5e+03)"
8253242879,4/23/2016,9282,6.26000022888184,6.26000022888184,0,2.08999991416931,1.03999996185303,3.13000011444092,0,30,26,191,1193,2132,2016-04-23,NA,NA,NA,Saturday,6,TRUE,NA,Somewhat Active,247,247,1,"[7.5e+03,1e+04)"
8253242879,4/24/2016,8905,7.13000011444092,7.13000011444092,0,5.59999990463257,0.189999997615814,1.3400000333786,0,41,4,82,1313,1976,2016-04-24,NA,NA,NA,Sunday,7,TRUE,NA,Somewhat Active,127,127,1,"[7.5e+03,1e+04)"
8253242879,4/25/2016,6829,4.51000022888184,4.51000022888184,0,0.360000014305115,2.39000010490417,1.76999998092651,0,7,54,118,1261,1909,2016-04-25,NA,NA,NA,Monday,1,FALSE,NA,Low Active,179,179,1,"[5e+03,7.5e+03)"
8253242879,4/26/2016,4562,3.03999996185303,3.03999996185303,0,1.17999994754791,0.490000009536743,1.37000000476837,0,19,14,108,1299,1813,2016-04-26,NA,NA,NA,Tuesday,2,FALSE,NA,Sedentary,141,141,1,"[2.5e+03,5e+03)"
8253242879,4/27/2016,10232,8.18000030517578,8.18000030517578,0,6.23999977111816,0.230000004172325,1.70000004768372,0,45,5,104,1286,2008,2016-04-27,NA,NA,NA,Wednesday,3,FALSE,NA,Active,154,154,1,"[1e+04,1.25e+04)"
8253242879,4/28/2016,2718,1.79999995231628,1.79999995231628,0,0.670000016689301,0.779999971389771,0.340000003576279,0,11,16,20,1393,1580,2016-04-28,NA,NA,NA,Thursday,4,FALSE,NA,Sedentary,47,47,1,"[2.5e+03,5e+03)"
8253242879,4/29/2016,6260,4.26000022888184,4.26000022888184,0,1.28999996185303,0.540000021457672,2.40000009536743,0,16,14,136,1257,1854,2016-04-29,NA,NA,NA,Friday,5,FALSE,NA,Low Active,166,183,0.907103825136612,"[5e+03,7.5e+03)"
8253242879,4/30/2016,0,0,0,0,0,0,0,0,0,0,0,1440,0,2016-04-30,NA,NA,NA,Saturday,6,TRUE,NA,Sedentary,0,0,0,"[0,2.5e+03)"
8378563200,4/12/2016,7626,6.05000019073486,6.05000019073486,2.25308108329773,0.829999983310699,0.709999978542328,4.5,0,65,15,156,723,3635,2016-04-12,1,338,356,Tuesday,2,FALSE,0.949438202247191,Somewhat Active,236,717,0.3291492329149233,"[7.5e+03,1e+04)"
8378563200,4/13/2016,12386,9.81999969482422,9.81999969482422,2.0921471118927,4.96000003814697,0.649999976158142,4.21000003814697,0,116,14,169,680,4079,2016-04-13,2,447,487,Wednesday,3,FALSE,0.917864476386037,Active,299,760,0.39342105263157895,"[1e+04,1.25e+04)"
8378563200,4/14/2016,13318,10.5600004196167,10.5600004196167,2.25308108329773,5.61999988555908,1.02999997138977,3.91000008583069,0,123,21,174,699,4163,2016-04-14,1,424,455,Thursday,4,FALSE,0.9318681318681319,Highly Active,318,741,0.4291497975708502,"[1.25e+04,1.5e+04)"
8378563200,4/15/2016,14461,11.4700002670288,11.4700002670288,0,4.90999984741211,1.14999997615814,5.40999984741211,0,60,23,190,729,3666,2016-04-15,1,513,533,Friday,5,FALSE,0.9624765478424016,Highly Active,273,711,0.38396624472573837,"[1.25e+04,1.5e+04)"
8378563200,4/16/2016,11207,8.89000034332275,8.89000034332275,0,5.36999988555908,1.07000005245209,2.44000005722046,0,64,21,142,563,3363,2016-04-16,2,611,689,Saturday,6,TRUE,0.8867924528301887,Active,227,877,0.2588369441277081,"[1e+04,1.25e+04)"
8378563200,4/17/2016,2132,1.69000005722046,1.69000005722046,0,0,0,1.69000005722046,0,0,0,93,599,2572,2016-04-17,2,525,591,Sunday,7,TRUE,0.8883248730964467,Sedentary,93,841,0.11058263971462545,"[0,2.5e+03)"
8378563200,4/18/2016,13630,10.8100004196167,10.8100004196167,2.0921471118927,5.05000019073486,0.560000002384186,5.19999980926514,0,117,10,174,720,4157,2016-04-18,1,398,451,Monday,1,FALSE,0.8824833702882483,Highly Active,301,720,0.41805555555555557,"[1.25e+04,1.5e+04)"
8378563200,4/19/2016,13070,10.3599996566772,10.3599996566772,2.25308108329773,5.30000019073486,0.879999995231628,4.17999982833862,0,120,19,154,737,4092,2016-04-19,1,387,421,Tuesday,2,FALSE,0.9192399049881235,Highly Active,293,703,0.4167852062588905,"[1.25e+04,1.5e+04)"
8378563200,4/20/2016,9388,7.44000005722046,7.44000005722046,2.0921471118927,2.23000001907349,0.439999997615814,4.78000020980835,0,82,8,169,763,3787,2016-04-20,1,381,409,Wednesday,3,FALSE,0.9315403422982885,Somewhat Active,259,677,0.3825701624815362,"[7.5e+03,1e+04)"
8378563200,4/21/2016,15148,12.0100002288818,12.0100002288818,2.25308108329773,6.90000009536743,0.819999992847443,4.28999996185303,0,137,16,145,677,4236,2016-04-21,1,396,417,Thursday,4,FALSE,0.9496402877697842,Highly Active,298,763,0.3905635648754915,"[1.5e+04,1.75e+04)"
8378563200,4/22/2016,12200,9.67000007629395,9.67000007629395,2.0921471118927,4.90999984741211,0.589999973773956,4.17999982833862,0,113,12,159,769,4044,2016-04-22,1,441,469,Friday,5,FALSE,0.9402985074626866,Active,284,671,0.4232488822652757,"[1e+04,1.25e+04)"
8378563200,4/23/2016,5709,4.53000020980835,4.53000020980835,0,1.51999998092651,0.519999980926514,2.48000001907349,0,19,10,136,740,2908,2016-04-23,1,565,591,Saturday,6,TRUE,0.9560067681895094,Low Active,165,700,0.2357142857142857,"[5e+03,7.5e+03)"
8378563200,4/24/2016,3703,2.94000005722046,2.94000005722046,0,0,0,2.94000005722046,0,0,0,135,734,2741,2016-04-24,1,458,492,Sunday,7,TRUE,0.9308943089430894,Sedentary,135,706,0.19121813031161472,"[2.5e+03,5e+03)"
8378563200,4/25/2016,12405,9.84000015258789,9.84000015258789,2.0921471118927,5.05000019073486,0.870000004768372,3.92000007629395,0,117,16,141,692,4005,2016-04-25,2,776,804,Monday,1,FALSE,0.9651741293532339,Active,274,748,0.3663101604278075,"[1e+04,1.25e+04)"
8378563200,4/26/2016,16208,12.8500003814697,12.8500003814697,0,7.51000022888184,0.920000016689301,4.42000007629395,0,90,18,161,593,3763,2016-04-26,1,550,584,Tuesday,2,FALSE,0.9417808219178082,Highly Active,269,847,0.31759149940968123,"[1.5e+04,1.75e+04)"
8378563200,4/27/2016,7359,5.84000015258789,5.84000015258789,0,0.330000013113022,0.180000007152557,5.32999992370605,0,4,4,192,676,3061,2016-04-27,1,531,600,Wednesday,3,FALSE,0.885,Low Active,200,764,0.2617801047120419,"[5e+03,7.5e+03)"
8378563200,4/28/2016,5417,4.30000019073486,4.30000019073486,0,0.899999976158142,0.490000009536743,2.91000008583069,0,11,10,139,711,2884,2016-04-28,1,506,556,Thursday,4,FALSE,0.9100719424460432,Low Active,160,729,0.2194787379972565,"[5e+03,7.5e+03)"
8378563200,4/29/2016,6175,4.90000009536743,4.90000009536743,0,0.25,0.360000014305115,4.26999998092651,0,3,7,172,767,2982,2016-04-29,1,527,562,Friday,5,FALSE,0.9377224199288257,Low Active,182,673,0.2704309063893016,"[5e+03,7.5e+03)"
8378563200,4/30/2016,2946,2.33999991416931,2.33999991416931,0,0,0,2.33999991416931,0,0,0,121,780,2660,2016-04-30,1,468,555,Saturday,6,TRUE,0.8432432432432433,Sedentary,121,660,0.18333333333333332,"[2.5e+03,5e+03)"
8378563200,5/1/2016,11419,9.0600004196167,9.0600004196167,0,6.03000020980835,0.560000002384186,2.47000002861023,0,71,10,127,669,3369,2016-05-01,1,475,539,Sunday,7,TRUE,0.8812615955473099,Active,208,771,0.2697795071335927,"[1e+04,1.25e+04)"
8378563200,5/2/2016,6064,4.80999994277954,4.80999994277954,2.0921471118927,0.629999995231628,0.170000001788139,4.01000022888184,0,63,4,142,802,3491,2016-05-02,1,351,385,Monday,1,FALSE,0.9116883116883117,Low Active,209,638,0.3275862068965517,"[5e+03,7.5e+03)"
8378563200,5/3/2016,8712,6.90999984741211,6.90999984741211,2.25308108329773,1.3400000333786,1.05999994277954,4.5,0,71,20,195,822,3784,2016-05-03,1,405,429,Tuesday,2,FALSE,0.9440559440559441,Somewhat Active,286,618,0.4627831715210356,"[7.5e+03,1e+04)"
8378563200,5/4/2016,7875,6.23999977111816,6.23999977111816,0,1.55999994277954,0.490000009536743,4.19999980926514,0,19,10,167,680,3110,2016-05-04,1,441,477,Wednesday,3,FALSE,0.9245283018867925,Somewhat Active,196,760,0.2578947368421053,"[7.5e+03,1e+04)"
8378563200,5/5/2016,8567,6.78999996185303,6.78999996185303,2.25308108329773,0.889999985694885,0.159999996423721,5.73999977111816,0,66,3,214,764,3783,2016-05-05,1,381,417,Thursday,4,FALSE,0.9136690647482014,Somewhat Active,283,676,0.41863905325443784,"[7.5e+03,1e+04)"
8378563200,5/6/2016,7045,5.59000015258789,5.59000015258789,2.0921471118927,1.54999995231628,0.25,3.77999997138977,0,74,5,166,831,3644,2016-05-06,1,323,355,Friday,5,FALSE,0.9098591549295775,Low Active,245,609,0.40229885057471265,"[5e+03,7.5e+03)"
8378563200,5/7/2016,4468,3.53999996185303,3.53999996185303,0,0,0,3.53999996185303,0,0,0,158,851,2799,2016-05-07,2,459,513,Saturday,6,TRUE,0.8947368421052632,Sedentary,158,589,0.26825127334465193,"[2.5e+03,5e+03)"
8378563200,5/8/2016,2943,2.32999992370605,2.32999992370605,0,0,0,2.32999992370605,0,0,0,139,621,2685,2016-05-08,1,545,606,Sunday,7,TRUE,0.8993399339933993,Sedentary,139,819,0.16971916971916973,"[2.5e+03,5e+03)"
8378563200,5/9/2016,8382,6.65000009536743,6.65000009536743,2.0921471118927,1.26999998092651,0.660000026226044,4.71999979019165,0,71,13,171,772,3721,2016-05-09,1,359,399,Monday,1,FALSE,0.899749373433584,Somewhat Active,255,668,0.38173652694610777,"[7.5e+03,1e+04)"
8378563200,5/10/2016,6582,5.21999979019165,5.21999979019165,2.25308108329773,0.660000026226044,0.639999985694885,3.92000007629395,0,63,13,152,840,3586,2016-05-10,1,342,391,Tuesday,2,FALSE,0.8746803069053708,Low Active,228,600,0.38,"[5e+03,7.5e+03)"
8378563200,5/11/2016,9143,7.25,7.25,2.0921471118927,1.38999998569489,0.589999973773956,5.26999998092651,0,72,10,184,763,3788,2016-05-11,1,368,387,Wednesday,3,FALSE,0.9509043927648578,Somewhat Active,266,677,0.3929098966026588,"[7.5e+03,1e+04)"
8378563200,5/12/2016,4561,3.61999988555908,3.61999988555908,0,0.649999976158142,0.270000010728836,2.69000005722046,0,8,6,102,433,1976,2016-05-12,1,496,546,Thursday,4,FALSE,0.9084249084249084,Sedentary,116,1007,0.11519364448857994,"[2.5e+03,5e+03)"
8583815059,4/12/2016,5014,3.91000008583069,3.91000008583069,0,0,0.330000013113022,3.57999992370605,0,0,7,196,1237,2650,2016-04-12,NA,NA,NA,Tuesday,2,FALSE,NA,Low Active,203,203,1,"[5e+03,7.5e+03)"
8583815059,4/13/2016,5571,4.34999990463257,4.34999990463257,0,0.150000005960464,0.970000028610229,3.23000001907349,0,2,23,163,1252,2654,2016-04-13,NA,NA,NA,Wednesday,3,FALSE,NA,Low Active,188,188,1,"[5e+03,7.5e+03)"
8583815059,4/14/2016,3135,2.45000004768372,2.45000004768372,0,0,0,2.4300000667572,0,0,0,134,1306,2443,2016-04-14,NA,NA,NA,Thursday,4,FALSE,NA,Sedentary,134,134,1,"[2.5e+03,5e+03)"
8583815059,4/15/2016,3430,2.6800000667572,2.6800000667572,0,0,0,0.899999976158142,0,0,0,65,1375,2505,2016-04-15,NA,NA,NA,Friday,5,FALSE,NA,Sedentary,65,65,1,"[2.5e+03,5e+03)"
8583815059,4/16/2016,5319,4.15000009536743,4.15000009536743,0,0,0,0,0,0,0,0,1440,2693,2016-04-16,NA,NA,NA,Saturday,6,TRUE,NA,Low Active,0,0,0,"[5e+03,7.5e+03)"
8583815059,4/17/2016,3008,2.34999990463257,2.34999990463257,0,0,0,0,0,0,0,0,1440,2439,2016-04-17,NA,NA,NA,Sunday,7,TRUE,NA,Sedentary,0,0,0,"[2.5e+03,5e+03)"
8583815059,4/18/2016,3864,3.00999999046326,3.00999999046326,0,0.310000002384186,1.05999994277954,1.35000002384186,0,4,22,105,1309,2536,2016-04-18,NA,NA,NA,Monday,1,FALSE,NA,Sedentary,131,131,1,"[2.5e+03,5e+03)"
8583815059,4/19/2016,5697,4.44000005722046,4.44000005722046,0,0.529999971389771,0.479999989271164,3.44000005722046,0,7,10,166,1257,2668,2016-04-19,NA,NA,NA,Tuesday,2,FALSE,NA,Low Active,183,183,1,"[5e+03,7.5e+03)"
8583815059,4/20/2016,5273,4.1100001335144,4.1100001335144,0,0,1.03999996185303,3.0699999332428,0,0,27,167,1246,2647,2016-04-20,NA,NA,NA,Wednesday,3,FALSE,NA,Low Active,194,194,1,"[5e+03,7.5e+03)"
8583815059,4/21/2016,8538,6.65999984741211,6.65999984741211,0,2.63000011444092,1.01999998092651,3.00999999046326,0,35,18,158,1229,2883,2016-04-21,NA,NA,NA,Thursday,4,FALSE,NA,Somewhat Active,211,211,1,"[7.5e+03,1e+04)"
8583815059,4/22/2016,8687,6.78000020980835,6.78000020980835,0,0.28999999165535,2.41000008583069,4.07999992370605,0,4,54,212,1170,2944,2016-04-22,NA,NA,NA,Friday,5,FALSE,NA,Somewhat Active,270,270,1,"[7.5e+03,1e+04)"
8583815059,4/23/2016,9423,7.34999990463257,7.34999990463257,0,0.529999971389771,2.02999997138977,4.75,0,7,44,238,1151,3012,2016-04-23,NA,NA,NA,Saturday,6,TRUE,NA,Somewhat Active,289,289,1,"[7.5e+03,1e+04)"
8583815059,4/24/2016,8286,6.46000003814697,6.46000003814697,0,0.150000005960464,2.04999995231628,4.26999998092651,0,2,44,206,1188,2889,2016-04-24,NA,NA,NA,Sunday,7,TRUE,NA,Somewhat Active,252,252,1,"[7.5e+03,1e+04)"
8583815059,4/25/2016,4503,3.50999999046326,3.50999999046326,0,1.47000002861023,0.239999994635582,1.80999994277954,0,18,6,122,1294,2547,2016-04-25,NA,NA,NA,Monday,1,FALSE,NA,Sedentary,146,146,1,"[2.5e+03,5e+03)"
8583815059,4/26/2016,10499,8.1899995803833,8.1899995803833,0,0.0700000002980232,4.21999979019165,3.89000010490417,0,1,91,214,1134,3093,2016-04-26,NA,NA,NA,Tuesday,2,FALSE,NA,Active,306,306,1,"[1e+04,1.25e+04)"
8583815059,4/27/2016,12474,9.72999954223633,9.72999954223633,0,6.59999990463257,0.270000010728836,2.86999988555908,0,77,5,129,1229,3142,2016-04-27,NA,NA,NA,Wednesday,3,FALSE,NA,Active,211,211,1,"[1e+04,1.25e+04)"
8583815059,4/28/2016,6174,4.82000017166138,4.82000017166138,0,0,1.20000004768372,3.60999989509583,0,0,28,203,1209,2757,2016-04-28,NA,NA,NA,Thursday,4,FALSE,NA,Low Active,231,231,1,"[5e+03,7.5e+03)"
8583815059,4/29/2016,15168,11.8299999237061,11.8299999237061,0,3.90000009536743,3,4.92000007629395,0,46,67,258,1069,3513,2016-04-29,NA,NA,NA,Friday,5,FALSE,NA,Highly Active,371,371,1,"[1.5e+04,1.75e+04)"
8583815059,4/30/2016,10085,7.86999988555908,7.86999988555908,0,0.150000005960464,1.27999997138977,6.42999982833862,0,2,28,317,1093,3164,2016-04-30,NA,NA,NA,Saturday,6,TRUE,NA,Active,347,347,1,"[1e+04,1.25e+04)"
8583815059,5/1/2016,4512,3.51999998092651,3.51999998092651,0,0.779999971389771,0.119999997317791,2.03999996185303,0,10,2,117,1311,2596,2016-05-01,NA,NA,NA,Sunday,7,TRUE,NA,Sedentary,129,129,1,"[2.5e+03,5e+03)"
8583815059,5/2/2016,8469,6.6100001335144,6.6100001335144,0,0,0,0,0,0,0,0,1440,2894,2016-05-02,NA,NA,NA,Monday,1,FALSE,NA,Somewhat Active,0,0,0,"[7.5e+03,1e+04)"
8583815059,5/3/2016,12015,9.36999988555908,9.36999988555908,0,0,0,0,0,0,0,0,1440,3212,2016-05-03,NA,NA,NA,Tuesday,2,FALSE,NA,Active,0,0,0,"[1e+04,1.25e+04)"
8583815059,5/4/2016,3588,2.79999995231628,2.79999995231628,0,0,0,0,0,0,0,0,1440,2516,2016-05-04,NA,NA,NA,Wednesday,3,FALSE,NA,Sedentary,0,0,0,"[2.5e+03,5e+03)"
8583815059,5/5/2016,12427,9.6899995803833,9.6899995803833,0,0,0,1.17999994754791,0,0,0,70,1370,3266,2016-05-05,NA,NA,NA,Thursday,4,FALSE,NA,Active,70,70,1,"[1e+04,1.25e+04)"
8583815059,5/6/2016,5843,4.55999994277954,4.55999994277954,0,0.140000000596046,1.19000005722046,3.23000001907349,0,2,22,166,1250,2683,2016-05-06,NA,NA,NA,Friday,5,FALSE,NA,Low Active,190,190,1,"[5e+03,7.5e+03)"
8583815059,5/7/2016,6117,4.76999998092651,4.76999998092651,0,0,0,4.76999998092651,0,0,0,250,1190,2810,2016-05-07,NA,NA,NA,Saturday,6,TRUE,NA,Low Active,250,250,1,"[5e+03,7.5e+03)"
8583815059,5/8/2016,9217,7.19000005722046,7.19000005722046,0,0.219999998807907,3.30999994277954,3.66000008583069,0,3,72,182,1183,2940,2016-05-08,NA,NA,NA,Sunday,7,TRUE,NA,Somewhat Active,257,257,1,"[7.5e+03,1e+04)"
8583815059,5/9/2016,9877,7.69999980926514,7.69999980926514,0,5.76000022888184,0.170000001788139,1.73000001907349,0,66,4,110,1260,2947,2016-05-09,NA,NA,NA,Monday,1,FALSE,NA,Somewhat Active,180,180,1,"[7.5e+03,1e+04)"
8583815059,5/10/2016,8240,6.42999982833862,6.42999982833862,0,0.689999997615814,2.00999999046326,3.72000002861023,0,9,43,162,1226,2846,2016-05-10,NA,NA,NA,Tuesday,2,FALSE,NA,Somewhat Active,214,214,1,"[7.5e+03,1e+04)"
8583815059,5/11/2016,8701,6.78999996185303,6.78999996185303,0,0.370000004768372,3.24000000953674,3.17000007629395,0,5,71,177,1106,2804,2016-05-11,NA,NA,NA,Wednesday,3,FALSE,NA,Somewhat Active,253,334,0.7574850299401198,"[7.5e+03,1e+04)"
8583815059,5/12/2016,0,0,0,0,0,0,0,0,0,0,0,1440,0,2016-05-12,NA,NA,NA,Thursday,4,FALSE,NA,Sedentary,0,0,0,"[0,2.5e+03)"
8792009665,4/12/2016,2564,1.63999998569489,1.63999998569489,0,0,0,1.63999998569489,0,0,0,116,831,2044,2016-04-12,1,458,493,Tuesday,2,FALSE,0.9290060851926978,Sedentary,116,609,0.19047619047619047,"[2.5e+03,5e+03)"
8792009665,4/13/2016,1320,0.839999973773956,0.839999973773956,0,0,0,0.839999973773956,0,0,0,82,806,1934,2016-04-13,1,531,552,Wednesday,3,FALSE,0.9619565217391305,Sedentary,82,634,0.12933753943217666,"[0,2.5e+03)"
8792009665,4/14/2016,1219,0.779999971389771,0.779999971389771,0,0,0,0.779999971389771,0,0,0,84,853,1963,2016-04-14,1,486,503,Thursday,4,FALSE,0.9662027833001988,Sedentary,84,587,0.14310051107325383,"[0,2.5e+03)"
8792009665,4/15/2016,2483,1.5900000333786,1.5900000333786,0,0,0,1.5900000333786,0,0,0,126,937,2009,2016-04-15,1,363,377,Friday,5,FALSE,0.9628647214854111,Sedentary,126,503,0.2504970178926441,"[0,2.5e+03)"
8792009665,4/16/2016,244,0.159999996423721,0.159999996423721,0,0,0,0.159999996423721,0,0,0,12,1428,1721,2016-04-16,NA,NA,NA,Saturday,6,TRUE,NA,Sedentary,12,12,1,"[0,2.5e+03)"
8792009665,4/17/2016,0,0,0,0,0,0,0,0,0,0,0,1440,1688,2016-04-17,NA,NA,NA,Sunday,7,TRUE,NA,Sedentary,0,0,0,"[0,2.5e+03)"
8792009665,4/18/2016,0,0,0,0,0,0,0,0,0,0,0,1440,1688,2016-04-18,NA,NA,NA,Monday,1,FALSE,NA,Sedentary,0,0,0,"[0,2.5e+03)"
8792009665,4/19/2016,0,0,0,0,0,0,0,0,0,0,0,1440,1688,2016-04-19,NA,NA,NA,Tuesday,2,FALSE,NA,Sedentary,0,0,0,"[0,2.5e+03)"
8792009665,4/20/2016,3147,2.00999999046326,2.00999999046326,0,0,0.280000001192093,1.74000000953674,0,0,10,139,744,2188,2016-04-20,1,528,547,Wednesday,3,FALSE,0.9652650822669104,Sedentary,149,696,0.21408045977011494,"[2.5e+03,5e+03)"
8792009665,4/21/2016,144,0.0900000035762787,0.0900000035762787,0,0,0,0.0900000035762787,0,0,0,9,1431,1720,2016-04-21,NA,NA,NA,Thursday,4,FALSE,NA,Sedentary,9,9,1,"[0,2.5e+03)"
8792009665,4/22/2016,4068,2.59999990463257,2.59999990463257,0,0.0500000007450581,0.280000001192093,2.26999998092651,0,1,20,195,817,2419,2016-04-22,1,391,407,Friday,5,FALSE,0.9606879606879607,Sedentary,216,623,0.3467094703049759,"[2.5e+03,5e+03)"
8792009665,4/23/2016,5245,3.35999989509583,3.35999989509583,0,0.159999996423721,0.439999997615814,2.75,0,8,45,232,795,2748,2016-04-23,1,339,360,Saturday,6,TRUE,0.9416666666666667,Low Active,285,645,0.4418604651162791,"[5e+03,7.5e+03)"
8792009665,4/24/2016,400,0.259999990463257,0.259999990463257,0,0.0399999991059303,0.0500000007450581,0.159999996423721,0,3,8,19,1410,1799,2016-04-24,NA,NA,NA,Sunday,7,TRUE,NA,Sedentary,30,30,1,"[0,2.5e+03)"
8792009665,4/25/2016,0,0,0,0,0,0,0,0,0,0,0,1440,1688,2016-04-25,NA,NA,NA,Monday,1,FALSE,NA,Sedentary,0,0,0,"[0,2.5e+03)"
8792009665,4/26/2016,1321,0.850000023841858,0.850000023841858,0,0,0,0.850000023841858,0,0,0,80,1360,1928,2016-04-26,NA,NA,NA,Tuesday,2,FALSE,NA,Sedentary,80,80,1,"[0,2.5e+03)"
8792009665,4/27/2016,1758,1.12999999523163,1.12999999523163,0,0,0,1.12999999523163,0,0,0,112,900,2067,2016-04-27,1,423,428,Wednesday,3,FALSE,0.9883177570093458,Sedentary,112,540,0.2074074074074074,"[0,2.5e+03)"
8792009665,4/28/2016,6157,3.94000005722046,3.94000005722046,0,0,0,3.94000005722046,0,0,0,310,714,2780,2016-04-28,1,402,416,Thursday,4,FALSE,0.9663461538461539,Low Active,310,726,0.42699724517906334,"[5e+03,7.5e+03)"
8792009665,4/29/2016,8360,5.34999990463257,5.34999990463257,0,0.140000000596046,0.280000001192093,4.92999982833862,0,6,14,380,634,3101,2016-04-29,1,398,406,Friday,5,FALSE,0.9802955665024631,Somewhat Active,400,806,0.49627791563275436,"[7.5e+03,1e+04)"
8792009665,4/30/2016,7174,4.59000015258789,4.59000015258789,0,0.330000013113022,0.360000014305115,3.91000008583069,0,10,20,301,749,2896,2016-04-30,1,343,360,Saturday,6,TRUE,0.9527777777777777,Low Active,331,691,0.47901591895803186,"[5e+03,7.5e+03)"
8792009665,5/1/2016,1619,1.03999996185303,1.03999996185303,0,0,0,1.03999996185303,0,0,0,79,834,1962,2016-05-01,1,503,527,Sunday,7,TRUE,0.9544592030360531,Sedentary,79,606,0.13036303630363036,"[0,2.5e+03)"
8792009665,5/2/2016,1831,1.16999995708466,1.16999995708466,0,0,0,1.16999995708466,0,0,0,101,916,2015,2016-05-02,1,415,423,Monday,1,FALSE,0.9810874704491725,Sedentary,101,524,0.19274809160305342,"[0,2.5e+03)"
8792009665,5/3/2016,2421,1.54999995231628,1.54999995231628,0,0,0,1.54999995231628,0,0,0,156,739,2297,2016-05-03,1,516,545,Tuesday,2,FALSE,0.9467889908256881,Sedentary,156,701,0.2225392296718973,"[0,2.5e+03)"
8792009665,5/4/2016,2283,1.46000003814697,1.46000003814697,0,0,0,1.46000003814697,0,0,0,129,848,2067,2016-05-04,1,439,463,Wednesday,3,FALSE,0.9481641468682506,Sedentary,129,592,0.2179054054054054,"[0,2.5e+03)"
8792009665,5/5/2016,0,0,0,0,0,0,0,0,0,0,0,1440,1688,2016-05-05,NA,NA,NA,Thursday,4,FALSE,NA,Sedentary,0,0,0,"[0,2.5e+03)"
8792009665,5/6/2016,0,0,0,0,0,0,0,0,0,0,0,1440,1688,2016-05-06,NA,NA,NA,Friday,5,FALSE,NA,Sedentary,0,0,0,"[0,2.5e+03)"
8792009665,5/7/2016,0,0,0,0,0,0,0,0,0,0,0,1440,1688,2016-05-07,NA,NA,NA,Saturday,6,TRUE,NA,Sedentary,0,0,0,"[0,2.5e+03)"
8792009665,5/8/2016,0,0,0,0,0,0,0,0,0,0,0,1440,1688,2016-05-08,NA,NA,NA,Sunday,7,TRUE,NA,Sedentary,0,0,0,"[0,2.5e+03)"
8792009665,5/9/2016,0,0,0,0,0,0,0,0,0,0,0,1440,1688,2016-05-09,NA,NA,NA,Monday,1,FALSE,NA,Sedentary,0,0,0,"[0,2.5e+03)"
8792009665,5/10/2016,0,0,0,0,0,0,0,0,0,0,0,48,57,2016-05-10,NA,NA,NA,Tuesday,2,FALSE,NA,Sedentary,0,1392,0,"[0,2.5e+03)"
8877689391,4/12/2016,23186,20.3999996185303,20.3999996185303,0,12.2200002670288,0.340000003576279,7.82000017166138,0,85,7,312,1036,3921,2016-04-12,NA,NA,NA,Tuesday,2,FALSE,NA,Highly Active,404,404,1,"[2.25e+04,2.5e+04)"
8877689391,4/13/2016,15337,9.57999992370605,9.57999992370605,0,3.54999995231628,0.379999995231628,5.6399998664856,0,108,18,216,1098,3566,2016-04-13,NA,NA,NA,Wednesday,3,FALSE,NA,Highly Active,342,342,1,"[1.5e+04,1.75e+04)"
8877689391,4/14/2016,21129,18.9799995422363,18.9799995422363,0,10.5500001907349,0.589999973773956,7.75,0.0199999995529652,68,13,298,1061,3793,2016-04-14,NA,NA,NA,Thursday,4,FALSE,NA,Highly Active,379,379,1,"[2e+04,2.25e+04)"
8877689391,4/15/2016,13422,7.17000007629395,7.17000007629395,0,0.0500000007450581,0.0500000007450581,7.01000022888184,0.00999999977648258,106,1,281,1052,3934,2016-04-15,NA,NA,NA,Friday,5,FALSE,NA,Highly Active,388,388,1,"[1.25e+04,1.5e+04)"
8877689391,4/16/2016,29326,25.2900009155273,25.2900009155273,0,13.2399997711182,1.21000003814697,10.710000038147,0,94,29,429,888,4547,2016-04-16,NA,NA,NA,Saturday,6,TRUE,NA,Highly Active,552,552,1,"[2.75e+04,3e+04)"
8877689391,4/17/2016,15118,8.86999988555908,8.86999988555908,0,0,0.0700000002980232,8.78999996185303,0,58,15,307,1060,3545,2016-04-17,NA,NA,NA,Sunday,7,TRUE,NA,Highly Active,380,380,1,"[1.5e+04,1.75e+04)"
8877689391,4/18/2016,11423,8.67000007629395,8.67000007629395,0,2.44000005722046,0.270000010728836,5.94000005722046,0,29,5,191,1215,2761,2016-04-18,NA,NA,NA,Monday,1,FALSE,NA,Active,225,225,1,"[1e+04,1.25e+04)"
8877689391,4/19/2016,18785,17.3999996185303,17.3999996185303,0,12.1499996185303,0.180000007152557,5.03000020980835,0,82,13,214,1131,3676,2016-04-19,NA,NA,NA,Tuesday,2,FALSE,NA,Highly Active,309,309,1,"[1.75e+04,2e+04)"
8877689391,4/20/2016,19948,18.1100006103516,18.1100006103516,0,11.0200004577637,0.689999997615814,6.34000015258789,0,73,19,225,1123,3679,2016-04-20,NA,NA,NA,Wednesday,3,FALSE,NA,Highly Active,317,317,1,"[1.75e+04,2e+04)"
8877689391,4/21/2016,19377,17.6200008392334,17.6200008392334,0,12.289999961853,0.419999986886978,4.8899998664856,0,82,13,226,1119,3659,2016-04-21,NA,NA,NA,Thursday,4,FALSE,NA,Highly Active,321,321,1,"[1.75e+04,2e+04)"
8877689391,4/22/2016,18258,16.3099994659424,16.3099994659424,0,10.2299995422363,0.0299999993294477,5.96999979019165,0.0500000007450581,61,2,236,1141,3427,2016-04-22,NA,NA,NA,Friday,5,FALSE,NA,Highly Active,299,299,1,"[1.75e+04,2e+04)"
8877689391,4/23/2016,11200,7.42999982833862,7.42999982833862,0,0,0,7.40000009536743,0.00999999977648258,102,6,300,1032,3891,2016-04-23,NA,NA,NA,Saturday,6,TRUE,NA,Active,408,408,1,"[1e+04,1.25e+04)"
8877689391,4/24/2016,16674,15.7399997711182,15.7399997711182,0,11.0100002288818,0.00999999977648258,4.69000005722046,0,64,1,227,1148,3455,2016-04-24,NA,NA,NA,Sunday,7,TRUE,NA,Highly Active,292,292,1,"[1.5e+04,1.75e+04)"
8877689391,4/25/2016,12986,8.73999977111816,8.73999977111816,0,2.36999988555908,0.0700000002980232,6.26999998092651,0.00999999977648258,113,8,218,1101,3802,2016-04-25,NA,NA,NA,Monday,1,FALSE,NA,Highly Active,339,339,1,"[1.25e+04,1.5e+04)"
8877689391,4/26/2016,11101,8.43000030517578,8.43000030517578,0,1.75999999046326,0.129999995231628,6.5,0,22,3,258,1157,2860,2016-04-26,NA,NA,NA,Tuesday,2,FALSE,NA,Active,283,283,1,"[1e+04,1.25e+04)"
8877689391,4/27/2016,23629,20.6499996185303,20.6499996185303,0,13.0699996948242,0.439999997615814,7.09999990463257,0,93,8,235,1104,3808,2016-04-27,NA,NA,NA,Wednesday,3,FALSE,NA,Highly Active,336,336,1,"[2.25e+04,2.5e+04)"
8877689391,4/28/2016,14890,11.3000001907349,11.3000001907349,0,4.92999982833862,0.379999995231628,5.96999979019165,0,58,8,231,1143,3060,2016-04-28,NA,NA,NA,Thursday,4,FALSE,NA,Highly Active,297,297,1,"[1.25e+04,1.5e+04)"
8877689391,4/29/2016,9733,7.3899998664856,7.3899998664856,0,1.37999999523163,0.170000001788139,5.78999996185303,0,18,5,210,1207,2698,2016-04-29,NA,NA,NA,Friday,5,FALSE,NA,Somewhat Active,233,233,1,"[7.5e+03,1e+04)"
8877689391,4/30/2016,27745,26.7199993133545,26.7199993133545,0,21.6599998474121,0.0799999982118607,4.92999982833862,0,124,4,223,1089,4398,2016-04-30,NA,NA,NA,Saturday,6,TRUE,NA,Highly Active,351,351,1,"[2.75e+04,3e+04)"
8877689391,5/1/2016,10930,8.31999969482422,8.31999969482422,0,3.13000011444092,0.569999992847443,4.57000017166138,0,36,12,166,1226,2786,2016-05-01,NA,NA,NA,Sunday,7,TRUE,NA,Active,214,214,1,"[1e+04,1.25e+04)"
8877689391,5/2/2016,4790,3.64000010490417,3.64000010490417,0,0,0,3.55999994277954,0,0,0,105,1335,2189,2016-05-02,NA,NA,NA,Monday,1,FALSE,NA,Sedentary,105,105,1,"[2.5e+03,5e+03)"
8877689391,5/3/2016,10818,8.21000003814697,8.21000003814697,0,1.38999998569489,0.100000001490116,6.67000007629395,0.00999999977648258,19,3,229,1189,2817,2016-05-03,NA,NA,NA,Tuesday,2,FALSE,NA,Active,251,251,1,"[1e+04,1.25e+04)"
8877689391,5/4/2016,18193,16.2999992370605,16.2999992370605,0,10.4200000762939,0.310000002384186,5.53000020980835,0,66,8,212,1154,3477,2016-05-04,NA,NA,NA,Wednesday,3,FALSE,NA,Highly Active,286,286,1,"[1.75e+04,2e+04)"
8877689391,5/5/2016,14055,10.6700000762939,10.6700000762939,0,5.46000003814697,0.819999992847443,4.36999988555908,0,67,15,188,1170,3052,2016-05-05,NA,NA,NA,Thursday,4,FALSE,NA,Highly Active,270,270,1,"[1.25e+04,1.5e+04)"
8877689391,5/6/2016,21727,19.3400001525879,19.3400001525879,0,12.789999961853,0.28999999165535,6.15999984741211,0,96,17,232,1095,4015,2016-05-06,NA,NA,NA,Friday,5,FALSE,NA,Highly Active,345,345,1,"[2e+04,2.25e+04)"
8877689391,5/7/2016,12332,8.13000011444092,8.13000011444092,0,0.0799999982118607,0.959999978542328,6.98999977111816,0,105,28,271,1036,4142,2016-05-07,NA,NA,NA,Saturday,6,TRUE,NA,Active,404,404,1,"[1e+04,1.25e+04)"
8877689391,5/8/2016,10686,8.10999965667725,8.10999965667725,0,1.08000004291534,0.200000002980232,6.80000019073486,0,17,4,245,1174,2847,2016-05-08,NA,NA,NA,Sunday,7,TRUE,NA,Active,266,266,1,"[1e+04,1.25e+04)"
8877689391,5/9/2016,20226,18.25,18.25,0,11.1000003814697,0.800000011920929,6.23999977111816,0.0500000007450581,73,19,217,1131,3710,2016-05-09,NA,NA,NA,Monday,1,FALSE,NA,Highly Active,309,309,1,"[2e+04,2.25e+04)"
8877689391,5/10/2016,10733,8.14999961853027,8.14999961853027,0,1.35000002384186,0.46000000834465,6.28000020980835,0,18,11,224,1187,2832,2016-05-10,NA,NA,NA,Tuesday,2,FALSE,NA,Active,253,253,1,"[1e+04,1.25e+04)"
8877689391,5/11/2016,21420,19.5599994659424,19.5599994659424,0,13.2200002670288,0.409999996423721,5.8899998664856,0,88,12,213,1127,3832,2016-05-11,NA,NA,NA,Wednesday,3,FALSE,NA,Highly Active,313,313,1,"[2e+04,2.25e+04)"
8877689391,5/12/2016,8064,6.11999988555908,6.11999988555908,0,1.82000005245209,0.0399999991059303,4.25,0,23,1,137,770,1849,2016-05-12,NA,NA,NA,Thursday,4,FALSE,NA,Somewhat Active,161,670,0.24029850746268658,"[7.5e+03,1e+04)"
